date,close_benchmark,bench_return,bench_log_return
2014-12-02,31.31328010559082,-0.0002453534776921673,-0.00024538358178087104
2014-12-03,31.397747039794922,0.0026974795971317356,0.0026938479284786885
2014-12-04,31.451494216918945,0.001711816362361951,0.0017103528746428432
2014-12-05,31.39006996154785,-0.0019529836944297552,-0.0019548932537155938
2014-12-08,30.929351806640625,-0.014677194267855964,-0.01478596994355125
2014-12-09,30.6375675201416,-0.009433895942053905,-0.009478677000809956
2014-12-10,30.184541702270508,-0.014786611814833761,-0.014897023521179515
2014-12-11,29.931135177612305,-0.008395241748498705,-0.008430680273214405
2014-12-12,29.439708709716797,-0.016418570995699544,-0.016554849456506503
2014-12-15,29.01738739013672,-0.014345295456020812,-0.014449183944480378
2014-12-16,28.971303939819336,-0.0015881323048761997,-0.0015893947237542708
2014-12-17,29.637277603149414,0.022987355512664287,0.02272712669042729
2014-12-18,30.042312622070312,0.013666404328508852,0.013573861225876442
2014-12-19,30.252613067626953,0.00700014170687191,0.006975754458234516
2014-12-22,30.6732234954834,0.013903275955574834,0.013807512015239613
2014-12-23,30.392824172973633,-0.009141501627667359,-0.00918354155518126
2014-12-24,30.462915420532227,0.0023061775095227777,0.002303522363545137
2014-12-26,30.704370498657227,0.007926197305536231,0.007894950009891086
2014-12-29,30.517433166503906,-0.006088297174550283,-0.006106906426678123
2014-12-30,30.579744338989258,0.002041822198655341,0.002039740512849784
2014-12-31,30.603118896484375,0.0007643804093324658,0.0007640884194121559
2015-01-02,30.198095321655273,-0.013234715592195023,-0.01332307491353458
2015-01-05,29.6606502532959,-0.017797316772292238,-0.01795759352600253
2015-01-06,29.5360164642334,-0.004201991122856463,-0.004210844296897753
2015-01-07,30.17472267150879,0.021624656393621322,0.021394160520926374
2015-01-08,30.688796997070312,0.017036588244998763,0.01689309306136238
2015-01-09,30.587535858154297,-0.003299612523934514,-0.0033050682498319914
2015-01-12,30.33829689025879,-0.00814838334971868,-0.008181762875102376
2015-01-13,30.603118896484375,0.008728967456001602,0.008691090279080408
2015-01-14,30.43175506591797,-0.005599554448879829,-0.0056152907254784605
2015-01-15,30.501859664916992,0.0023036659846653595,0.002301016614243775
2015-01-16,30.758895874023438,0.008426902881665477,0.008391594755669586
2015-01-20,30.7121639251709,-0.0015192986459571234,-0.0015204539504615796
2015-01-21,31.389806747436523,0.02206431379816398,0.021824419153955
2015-01-22,31.989574432373047,0.019107084339902825,0.01892683639335997
2015-01-23,31.74810791015625,-0.0075482880438833,-0.007576920545324647
2015-01-26,31.763681411743164,0.0004905332195224155,0.0004904129474327175
2015-01-27,31.59231948852539,-0.0053949012079695935,-0.005409506239643828
2015-01-28,31.24960708618164,-0.010847965831322637,-0.010907234028648915
2015-01-29,31.24960708618164,0.0,0.0
2015-01-30,30.392824172973633,-0.02741739794824083,-0.027800269254124103
2015-02-02,30.93804359436035,0.01793908385360088,0.017780077294289938
2015-02-03,31.522232055664062,0.01888252757553821,0.01870646552987718
2015-02-04,31.366439819335938,-0.004942297108054272,-0.004954550648838096
2015-02-05,31.55337142944336,0.005959605590692085,0.00594191738299692
2015-02-06,31.01594352722168,-0.017032344813720623,-0.017179063561188365
2015-02-09,30.969200134277344,-0.0015070762849213049,-0.0015082130666736948
2015-02-10,30.89130973815918,-0.002515092278148723,-0.0025182604359869406
2015-02-11,30.665435791015625,-0.007311892861070257,-0.007338755775612642
2015-02-12,31.319711685180664,0.02133593987132354,0.021111515300311037
2015-02-13,31.67801284790039,0.011440116892559526,0.011375173591932287
2015-02-17,31.6079044342041,-0.0022131569310521737,-0.002215609582255771
2015-02-18,31.600109100341797,-0.000246626089323021,-0.0002466565065382104
2015-02-19,31.467695236206055,-0.004190297689013689,-0.004199101588956607
2015-02-20,31.67801284790039,0.006683603934626525,0.006661367677750537
2015-02-23,31.3586483001709,-0.01008158400790149,-0.010132747338023933
2015-02-24,31.8104190826416,0.014406577035663837,0.014303788350609779
2015-02-25,31.74810791015625,-0.0019588290340806225,-0.0019607500487090796
2015-02-26,31.75589370727539,0.0002452365709848525,0.0002452065054123298
2015-02-27,31.732526779174805,-0.0007358296483790383,-0.000736100503891917
2015-03-02,31.685792922973633,-0.0014727429847106732,-0.0014738285366170604
2015-03-03,31.44432830810547,-0.007620595623254567,-0.007649780728549555
2015-03-04,31.10161590576172,-0.010899021247510854,-0.010958850698373242
2015-03-05,31.05488395690918,-0.0015025569409041761,-0.0015036869116232458
2015-03-06,30.579744338989258,-0.015299996566698226,-0.01541824924173319
2015-03-09,30.462915420532227,-0.003820467468986455,-0.003827784096062811
2015-03-10,29.785266876220703,-0.022245032524194408,-0.022496184842103466
2015-03-11,30.011146545410156,0.007583604005569233,0.007554993039159791
2015-03-12,30.198095321655273,0.006229311364770451,0.006209989404884
2015-03-13,29.831993103027344,-0.012123354626455418,-0.012197441889821303
2015-03-16,30.190303802490234,0.01201095408628694,0.011939395002628327
2015-03-17,30.540800094604492,0.011609564925456173,0.011542691013591084
2015-03-18,31.288555145263672,0.02448380685322271,0.02418888266972878
2015-03-19,30.758895874023438,-0.01692821125108468,-0.017073131238157357
2015-03-20,31.218460083007812,0.014940855187604019,0.014830340044815435
2015-03-23,31.311918258666992,0.002993683077598286,0.0029892109316490513
2015-03-24,31.436546325683594,0.003980211815419743,0.003972311728114226
2015-03-25,30.93804359436035,-0.015857426771972327,-0.01598450093374398
2015-03-26,30.649852752685547,-0.009315095855878197,-0.009358752684480248
2015-03-27,30.73553466796875,0.0027955082190629366,0.0027916080529017786
2015-03-30,31.327495574951172,0.01925982135587634,0.019076698536267193
2015-03-31,31.257394790649414,-0.002237675978088993,-0.002240183316085439
2015-04-01,31.6468448638916,0.012459454022018868,0.012382473786366565
2015-04-02,32.12199020385742,0.015013987713762722,0.01490239339757457
2015-04-06,32.53479766845703,0.012851241843353733,0.012769365365048057
2015-04-07,32.37122344970703,-0.005027669771205834,-0.0050403510254987995
2015-04-08,33.04887771606445,0.020933847848236153,0.0207177455538253
2015-04-09,33.37602615356445,0.0098989272891703,0.009850253854711825
2015-04-10,33.39938735961914,0.0006999397096347781,0.0006996948660800392
2015-04-13,33.204654693603516,-0.005830426286533075,-0.005847489578376725
2015-04-14,33.3526496887207,0.004457055689415013,0.004447152432048503
2015-04-15,33.5863151550293,0.007005904133236429,0.00698147681083265
2015-04-16,33.85114288330078,0.00788498908109081,0.007854065005651152
2015-04-17,33.25918960571289,-0.017486951020490027,-0.01764165392283642
2015-04-20,33.22801971435547,-0.0009371813242277094,-0.0009376207532161635
2015-04-21,33.42274475097656,0.0058602660734838885,0.005843161506600532
2015-04-22,33.781044006347656,0.010720222352792463,0.010663168162680947
2015-04-23,34.03028869628906,0.007378241178531031,0.0073511551072008305
2015-04-24,34.15492248535156,0.0036624370182345434,0.0036557466262286016
2015-04-27,34.28733444213867,0.003876804488252006,0.0038693090477246355
2015-04-28,34.341854095458984,0.0015900814165743515,0.0015888185756214044
2015-04-29,33.913455963134766,-0.012474519609029122,-0.01255297961218448
2015-04-30,33.39938735961914,-0.015158248810573483,-0.015274309407975636
2015-05-01,33.60189437866211,0.006063195616809569,0.006044888409117345
2015-05-04,33.79662322998047,0.005795174793538305,0.005778447362571725
2015-05-05,33.43053436279297,-0.010832113749836059,-0.010891208226832634
2015-05-06,33.017723083496094,-0.012348330266485963,-0.012425204396977184
2015-05-07,32.970977783203125,-0.0014157638967035036,-0.0014167670373277498
2015-05-08,33.3915901184082,0.012757047666913879,0.012676362016873052
2015-05-11,33.07224655151367,-0.00956359268193352,-0.009609617511304146
2015-05-12,32.96319580078125,-0.003297349351897294,-0.0033027975880601996
2015-05-13,33.025516510009766,0.0018906149029105368,0.001888829939985888
2015-05-14,33.3526496887207,0.009905467447020477,0.009856729885625755
2015-05-15,33.60968780517578,0.007706677545982421,0.007677132804029234
2015-05-18,33.2669677734375,-0.010197060851172335,-0.010249407031674193
2015-05-19,33.32148361206055,0.001638737831302306,0.0016373965655844193
2015-05-20,33.298118591308594,-0.0007011998932573427,-0.0007014458488852557
2015-05-21,33.18129348754883,-0.003508459597782121,-0.003514628675690452
2015-05-22,33.29032897949219,0.0032860530884450956,0.0032806658146806267
2015-05-26,32.760684967041016,-0.01590984615314095,-0.01603776636364964
2015-05-27,32.76847457885742,0.00023777316696049766,0.00023774490340115637
2015-05-28,32.3400764465332,-0.013073484128572344,-0.013159694324976105
2015-05-29,32.02851486206055,-0.009633916140790566,-0.009680622529926467
2015-06-01,31.90389060974121,-0.003891040619774744,-0.003898630412853112
2015-06-02,32.02851486206055,0.0039062399581224483,0.003898630412853175
2015-06-03,31.864946365356445,-0.005106964759638566,-0.005120049873321109
2015-06-04,31.382017135620117,-0.015155501101403623,-0.01527151941117311
2015-06-05,31.24181365966797,-0.004467637479969699,-0.004477647196612139
2015-06-08,31.234037399291992,-0.00024890553604495214,-0.00024893651816907715
2015-06-09,31.04709815979004,-0.005985112879009047,-0.006003095454828622
2015-06-10,31.498857498168945,0.014550774956610724,0.014445928273903952
2015-06-11,31.343076705932617,-0.004945601352219997,-0.004957871310184933
2015-06-12,31.343076705932617,0.0,0.0
2015-06-15,30.99257469177246,-0.01118275711885719,-0.011245754241896154
2015-06-16,31.000349044799805,0.0002508456656040714,0.000250814209090472
2015-06-17,31.18729019165039,0.006030291677697974,0.006012182235848258
2015-06-18,31.475496292114258,0.00924113953770278,0.00919870145817936
2015-06-19,31.2028751373291,-0.008661377480915444,-0.008699105218268846
2015-06-22,31.654638290405273,0.014478254041907501,0.014374444905556187
2015-06-23,31.966197967529297,0.009842465242082987,0.00979434367996291
2015-06-24,31.74032211303711,-0.00706608445338508,-0.007091167457058042
2015-06-25,31.631242752075195,-0.0034366179578596556,-0.003442536693533261
2015-06-26,31.33306312561035,-0.009426743956978512,-0.009471456928139187
2015-06-29,30.634679794311523,-0.02228902193504334,-0.022541176073944312
2015-06-30,31.089801788330078,0.014856430590244551,0.014747154794741759
2015-07-01,31.06625747680664,-0.0007573001488956344,-0.000757587045507102
2015-07-02,31.215351104736328,0.004799214325735823,0.004787734810448308
2015-07-06,30.344335556030273,-0.027903435901891704,-0.02830013367621636
2015-07-07,29.889209747314453,-0.014998707349364704,-0.015112325475238931
2015-07-08,28.861255645751953,-0.03439214720806938,-0.0349974766801749
2015-07-09,29.418392181396484,0.019303960384916108,0.01912000258144058
2015-07-10,30.163848876953125,0.02533981772219529,0.025024087131683657
2015-07-13,30.367881774902344,0.006764153300910847,0.006741379057273875
2015-07-14,30.422805786132812,0.0018086217417989658,0.0018069881548937912
2015-07-15,30.077545166015625,-0.01134874352301074,-0.011413631914382225
2015-07-16,30.454195022583008,0.01252262624786793,0.012444866660343145
2015-07-17,30.414960861206055,-0.001288300720076796,-0.0012891312928778
2015-07-20,30.21878433227539,-0.006450001031593766,-0.0064708921686025015
2015-07-21,30.22663116455078,0.000259667370768879,0.00025963366303223133
2015-07-22,29.795047760009766,-0.014278250268497272,-0.014381165289388924
2015-07-23,29.50470733642578,-0.009744586614614303,-0.009792375809483292
2015-07-24,29.080976486206055,-0.01436146596501231,-0.014465589934898646
2015-07-27,28.53168487548828,-0.018888348229239127,-0.019069011651776883
2015-07-28,28.8220157623291,0.010175735786646323,0.010124311546012288
2015-07-29,29.104515075683594,0.009801511305941535,0.009753788080438815
2015-07-30,28.81417465209961,-0.009975786328306091,-0.010025877898363393
2015-07-31,29.128049850463867,0.010893083079906551,0.010834180815863273
2015-08-03,28.641542434692383,-0.016702368276252377,-0.01684342569709879
2015-08-04,28.743549346923828,0.0035615020547179466,0.003555174924549624
2015-08-05,28.75139045715332,0.00027279547612057975,0.0002727582742002071
2015-08-06,28.50029182434082,-0.008733443107271643,-0.00877180312820704
2015-08-07,28.48459815979004,-0.0005506492581728306,-0.0005508009211535545
2015-08-10,28.9632625579834,0.01680432335777371,0.016664692809494376
2015-08-11,28.327661514282227,-0.02194507757642017,-0.02218945262679451
2015-08-12,27.888225555419922,-0.015512609773339348,-0.01563418928700449
2015-08-13,27.84114646911621,-0.0016881348800824592,-0.0016895613854174608
2015-08-14,27.880382537841797,0.0014092835138492799,0.0014082914058363358
2015-08-17,27.5743465423584,-0.010976750231745158,-0.011037439275524877
2015-08-18,27.276159286499023,-0.010813937345761304,-0.01087283294663029
2015-08-19,26.938745498657227,-0.012370282204973382,-0.012447431041370152
2015-08-20,26.51500701904297,-0.015729703509592907,-0.015854728095409575
2015-08-21,25.69891357421875,-0.03077854907743771,-0.03126215767783554
2015-08-24,24.576791763305664,-0.04366417310492077,-0.044646144253237104
2015-08-25,24.89067840576172,0.012771668714087525,0.012690798787930066
2015-08-26,25.714611053466797,0.03310205669261124,0.03256598166850419
2015-08-27,26.8524227142334,0.04424767142698838,0.043296694492722124
2015-08-28,26.507150650024414,-0.012858134548357492,-0.012941515883837433
2015-08-31,26.554241180419922,0.0017765217777363507,0.0017749456293548224
2015-09-01,25.526281356811523,-0.038711700199754784,-0.039480915210645624
2015-09-02,25.895090103149414,0.014448197180882305,0.014344816565889876
2015-09-03,25.997106552124023,0.003939605870002527,0.0039318659443084185
2015-09-04,25.220243453979492,-0.02988267546570711,-0.030338261670811367
2015-09-08,26.02064323425293,0.03173640182078197,0.031243209840688443
2015-09-09,25.88724136352539,-0.0051267706769035915,-0.005139957656077718
2015-09-10,26.154037475585938,0.010306085083150451,0.010253339479189983
2015-09-11,26.256053924560547,0.003900600397542364,0.003893012780253517
2015-09-14,26.216819763183594,-0.0014942900974259654,-0.0014954076623231154
2015-09-15,26.46792221069336,0.009577914094004214,0.009532336668149797
2015-09-16,27.111370086669922,0.02431047933625119,0.02401968313754207
2015-09-17,27.048595428466797,-0.002315436586290076,-0.002318121354657216
2015-09-18,26.546390533447266,-0.018566764264993818,-0.01874129026392906
2015-09-21,26.499309539794922,-0.0017735365413623638,-0.0017751111192838703
2015-09-22,26.004947662353516,-0.018655651261366146,-0.018831862927012465
2015-09-23,25.589059829711914,-0.015992642555619052,-0.01612190488021392
2015-09-24,25.479198455810547,-0.004293294659220126,-0.004302537312511315
2015-09-25,25.424274444580078,-0.0021556412508707545,-0.0021579679898163003
2015-09-28,24.882827758789062,-0.021296445921053286,-0.021526487128585833
2015-09-29,25.000534057617188,0.004730422923357125,0.004719269632199192
2015-09-30,25.722455978393555,0.028876259967591134,0.02846719691698338
2015-10-01,25.86370086669922,0.0054911120627170185,0.005476090870485271
2015-10-02,26.554241180419922,0.026699207405766368,0.02634900334017798
2015-10-05,27.12706756591797,0.021571935782538132,0.021342554511698707
2015-10-06,27.079984664916992,-0.0017356428551138503,-0.0017371508282952959
2015-10-07,27.801908493041992,0.026658945234200093,0.02630978741331235
2015-10-08,28.1000919342041,0.010725286763559216,0.010668178845129644
2015-10-09,28.202106475830078,0.0036303988565176137,0.0036238248645931717
2015-10-12,27.990234375,-0.007512633888240194,-0.007540995860238952
2015-10-13,27.535114288330078,-0.01625995983357753,-0.016393603656111172
2015-10-14,27.74698257446289,0.007694476366223224,0.007665024862406136
2015-10-15,28.42182159423828,0.024321167823000867,0.0240301178945806
2015-10-16,28.445362091064453,0.0008282543308535395,0.0008279115175132805
2015-10-19,28.155027389526367,-0.010206750070841597,-0.010259196118683754
2015-10-20,28.14716911315918,-0.00027910739558045794,-0.00027914635329868526
2015-10-21,27.739126205444336,-0.014496765414468538,-0.014602870217649087
2015-10-22,28.311969757080078,0.020651102972497837,0.02044075989380429
2015-10-23,28.476749420166016,0.005820141251201116,0.005803269660816285
2015-10-26,28.217802047729492,-0.00909329111324586,-0.009134887441914544
2015-10-27,27.896072387695312,-0.011401655575086433,-0.011467152776962435
2015-10-28,27.5743465423584,-0.011533015862076113,-0.011600036890891504
2015-10-29,27.315397262573242,-0.009390948916500053,-0.009435321898713985
2015-10-30,27.36248016357422,0.00172367623096914,0.0017221924059391326
2015-11-02,27.903919219970703,0.0197876454604895,0.019594414896472064
2015-11-03,28.272727966308594,0.013217094825659359,0.01313051111680835
2015-11-04,28.045169830322266,-0.008048679853514651,-0.00808124533433397
2015-11-05,28.092248916625977,0.001678687866343731,0.001677280444728343
2015-11-06,27.699901580810547,-0.013966391120193489,-0.014064838875422567
2015-11-09,27.00935935974121,-0.024929410635441296,-0.02524541125673086
2015-11-10,26.89165687561035,-0.004357840649352851,-0.004367363713650556
2015-11-11,26.946590423583984,0.0020427729026788466,0.002040689279210076
2015-11-12,26.68763542175293,-0.009609935719526619,-0.009656409129112196
2015-11-13,26.318828582763672,-0.013819389884524802,-0.01391576659460735
2015-11-16,26.828887939453125,0.01938001743069573,0.019194616446701247
2015-11-17,26.750410079956055,-0.002925125322904787,-0.002929411863134524
2015-11-18,27.040746688842773,0.010853538619367331,0.010795061709522413
2015-11-19,27.284008026123047,0.00899610281030605,0.00895587893616935
2015-11-20,27.558652877807617,0.010066147591717867,0.010015821373684322
2015-11-23,27.29970359802246,-0.009396296725145192,-0.009440720419022709
2015-11-24,27.440948486328125,0.005173861606171171,0.005160523171904751
2015-11-25,27.22907066345215,-0.007721228112123724,-0.007751191127739608
2015-11-27,26.632707595825195,-0.02190170479918041,-0.022145107657437213
2015-11-30,26.671945571899414,0.001473300299379643,0.0014722160573057024
2015-12-01,26.87596321105957,0.0076491472513764425,0.0076200408563803475
2015-12-02,26.554241180419922,-0.011970623270806446,-0.012042848144729503
2015-12-03,26.40514373779297,-0.0056148259561975555,-0.0056306483458952224
2015-12-04,26.585622787475586,0.006834995918780118,0.006811743228738641
2015-12-07,26.146198272705078,-0.016528652282598366,-0.01666677455411085
2015-12-08,25.85585594177246,-0.011104571605567437,-0.011166687636856854
2015-12-09,25.64398765563965,-0.008194208948639758,-0.008227966013558958
2015-12-10,25.47135353088379,-0.006731953199871965,-0.006754715008616889
2015-12-11,24.757272720336914,-0.02803466292755341,-0.02843513660568275
2015-12-14,25.157468795776367,0.016164788422381893,0.016035529333490263
2015-12-15,25.54197120666504,0.015283827399727334,0.015168206309891925
2015-12-16,26.04417610168457,0.019661947425908988,0.019471148270831393
2015-12-17,25.70676040649414,-0.012955514272098845,-0.013040168904877872
2015-12-18,25.620445251464844,-0.0033576831022041898,-0.003363332770186352
2015-12-21,25.820478439331055,0.0078075609499712595,0.007777239667226956
2015-12-22,26.02767562866211,0.00802452943766685,0.007992504112681544
2015-12-23,26.394258499145508,0.014084349125655704,0.013986086251416029
2015-12-24,26.29863166809082,-0.0036230163866047826,-0.0036295954058769564
2015-12-28,26.115339279174805,-0.006969654970239825,-0.006994056461522754
2015-12-29,26.139244079589844,0.0009153547713660615,0.0009149360896627139
2015-12-30,25.732818603515625,-0.015548478557249723,-0.015670623920605115
2015-12-31,25.653118133544922,-0.003097230474387813,-0.0031020368194982933
2016-01-04,24.951824188232422,-0.0273375712715197,-0.02771819560735692
2016-01-05,25.00760841369629,0.0022356772411924464,0.002233181833421193
2016-01-06,24.529449462890625,-0.019120538953408373,-0.019305700517222153
2016-01-07,23.772367477416992,-0.030864206170586272,-0.031350538798948516
2016-01-08,23.51735496520996,-0.01072726611892083,-0.010785218054626781
2016-01-11,23.509380340576172,-0.0003390953041099154,-0.00033915280992288495
2016-01-12,23.557201385498047,0.00203412613302012,0.0020320600996981113
2016-01-13,23.310148239135742,-0.010487372515921689,-0.010542752541329362
2016-01-14,23.612985610961914,0.012991653623108723,0.01290798596617567
2016-01-15,22.680574417114258,-0.03948722153181683,-0.04028799288681909
2016-01-19,23.015287399291992,0.014757694228642038,0.014649859096536844
2016-01-20,22.51321792602539,-0.02181460802796864,-0.022056064568400178
2016-01-21,22.600881576538086,0.0038938747361991766,0.003886313228654477
2016-01-22,23.3739013671875,0.03420308132811445,0.03363116040710081
2016-01-25,22.975444793701172,-0.017047071741548736,-0.017194045781683338
2016-01-26,23.310148239135742,0.014567876636988109,0.01446278453843472
2016-01-27,23.230457305908203,-0.0034187227129575115,-0.0034245798986575217
2016-01-28,23.597049713134766,0.015780679751548732,0.01565745946751731
2016-01-29,24.362092971801758,0.032421140268274584,0.03190666547200289
2016-02-01,24.13098907470703,-0.009486208650554828,-0.009531489316592227
2016-02-02,23.349994659423828,-0.03236479088632982,-0.032900112820583215
2016-02-03,24.011442184448242,0.02832752361069435,0.02793371902403837
2016-02-04,24.194740295410156,0.007633781825926,0.007604791954869754
2016-02-05,23.91581916809082,-0.011528171987539304,-0.011595136512076491
2016-02-08,23.58907699584961,-0.01366217773870615,-0.013756364133701465
2016-02-09,23.26233673095703,-0.013851337419860332,-0.013948162336819968
2016-02-10,23.35796356201172,0.004110800740298348,0.004102374483483559
2016-02-11,22.967470169067383,-0.016717784147048498,-0.01685910354594427
2016-02-12,23.365930557250977,0.017348901957876084,0.01720012800320093
2016-02-16,23.88393783569336,0.02216934083464661,0.0219271735884464
2016-02-17,24.3541259765625,0.01968637433675058,0.01949510387525864
2016-02-18,24.210678100585938,-0.005890085159065528,-0.005907500128094495
2016-02-19,24.099105834960938,-0.004608390775403315,-0.004619042144551589
2016-02-22,24.696802139282227,0.024801596723734054,0.02449902968244261
2016-02-23,24.17082977294922,-0.021297185091684656,-0.021527242383747033
2016-02-24,24.11504554748535,-0.0023079152014175985,-0.002310582542494358
2016-02-25,24.194740295410156,0.003304772855099003,0.0032993240945974086
2016-02-26,23.95566177368164,-0.009881425417650358,-0.009930570720227657
2016-02-29,24.162858963012695,0.008649194970630658,0.008612004972321098
2016-03-01,25.023542404174805,0.035620099528768545,0.035000377290107805
2016-03-02,25.358253479003906,0.013375847009305053,0.013287180155462625
2016-03-03,25.645151138305664,0.011313778353832626,0.011250256231310127
2016-03-04,26.155183792114258,0.019888073618983926,0.01969288952911701
2016-03-07,26.115339279174805,-0.001523388757507682,-0.0015245502939585233
2016-03-08,25.66905403137207,-0.017089008227383684,-0.017236710470133032
2016-03-09,25.828441619873047,0.006209328489712895,0.006190130041559852
2016-03-10,25.868289947509766,0.0015428080494821472,0.0015416191438217682
2016-03-11,26.410200119018555,0.02094882083850136,0.02073241142125744
2016-03-14,26.250816345214844,-0.006034932453576336,-0.006053216256560803
2016-03-15,25.876256942749023,-0.014268485884024629,-0.014371259516168952
2016-03-16,26.394258499145508,0.02001841137775684,0.019820677503623582
2016-03-17,26.976015090942383,0.022041028044629707,0.021801635833488462
2016-03-18,27.11946678161621,0.005317749496736912,0.005303660193732437
2016-03-21,27.17524528503418,0.0020567699161320174,0.002054657660674513
2016-03-22,27.111499786376953,-0.0023457193482014915,-0.002348474857776555
2016-03-23,26.649276733398438,-0.01704896655000898,-0.0171959734531232
2016-03-24,26.585519790649414,-0.0023924455206365547,-0.0023953119912503516
2016-03-28,26.673185348510742,0.003297492716022088,0.003292067909152133
2016-03-29,27.039775848388672,0.013743784069584208,0.013650194808055061
2016-03-30,27.318695068359375,0.010315145418904104,0.010262307350671233
2016-03-31,27.294788360595703,-0.0008751043087471544,-0.0008754874360566289
2016-04-01,27.215097427368164,-0.0029196391697465796,-0.002923909630348895
2016-04-04,26.88835906982422,-0.012005775780003947,-0.012078427182534842
2016-04-05,26.362384796142578,-0.019561412145522872,-0.01975526880604404
2016-04-06,26.681150436401367,0.012091684524134338,0.012019164117445181
2016-04-07,26.147212982177734,-0.020011785304998586,-0.020214733211257347
2016-04-08,26.601469039916992,0.017373020139809237,0.01722383461556142
2016-04-11,26.94414520263672,0.012881851081439244,0.012799585770880147
2016-04-12,27.358551025390625,0.015380180727104786,0.015263104655520894
2016-04-13,27.84467124938965,0.017768493059002743,0.017612478767927747
2016-04-14,27.709192276000977,-0.004865526052552749,-0.0048774012595147785
2016-04-15,27.549806594848633,-0.005752086873004547,-0.0057686938384604175
2016-04-18,27.677316665649414,0.004628347221305784,0.0046176693568717566
2016-04-19,28.099681854248047,0.015260337326083118,0.015145069582256714
2016-04-20,27.97218132019043,-0.004537436926117411,-0.004547762338824755
2016-04-21,27.693256378173828,-0.009971512011302197,-0.010021560521355886
2016-04-22,27.525903701782227,-0.006043084067336335,-0.006061417397076166
2016-04-25,27.350576400756836,-0.006369538414611187,-0.006389910477584738
2016-04-26,27.64544105529785,0.010780930179330905,0.010723230286791684
2016-04-27,27.812795639038086,0.006053605128074624,0.006035355673511274
2016-04-28,27.525903701782227,-0.010315106074887948,-0.010368675482718151
2016-04-29,27.406362533569336,-0.004342860801520243,-0.004352318413485177
2016-05-02,27.334638595581055,-0.0026170542661554386,-0.0026204847391345177
2016-05-03,26.561614990234375,-0.028280000946185768,-0.02868758283797696
2016-05-04,26.131277084350586,-0.0162014962584921,-0.016334175519078068
2016-05-05,26.123306274414062,-0.00030502948289878873,-0.0003050760138539568
2016-05-06,26.16315269470215,0.001525320718193779,0.0015241585981342174
2016-05-09,25.828441619873047,-0.012793224071076081,-0.01287576206919261
2016-05-10,26.32253646850586,0.019129874574106864,0.018949199086868512
2016-05-11,26.258785247802734,-0.0024219254394196588,-0.002424863044902873
2016-05-12,26.187057495117188,-0.002731571624835505,-0.002735309174414134
2016-05-13,25.71687889099121,-0.017954617627950253,-0.018117757467359143
2016-05-16,26.02767562866211,0.012085321044917885,0.01201287664436455
2016-05-17,25.908130645751953,-0.004592994957202889,-0.004603575167540056
2016-05-18,25.653118133544922,-0.009842952997801246,-0.009891715098884233
2016-05-19,25.41404151916504,-0.009319592773685437,-0.009363291895681173
2016-05-20,25.66905403137207,0.010034315557984952,0.009984306075988764
2016-05-23,25.621244430541992,-0.0018625384781085774,-0.001864275159658971
2016-05-24,25.884225845336914,0.010264193665840526,0.010211874534608235
2016-05-25,26.19502830505371,0.012007407970162864,0.011935890967101221
2016-05-26,26.370357513427734,0.006693224620039739,0.006670924443554973
2016-05-27,26.362384796142578,-0.0003023363365891596,-0.0003023820494333721
2016-05-31,26.394258499145508,0.0012090599257010837,0.0012083296013604375
2016-06-01,26.378324508666992,-0.0006036915368935469,-0.0006038738319997727
2016-06-02,26.593490600585938,0.008156927929529711,0.008123840001690329
2016-06-03,26.999927520751953,0.015283323512147673,0.015167710007586006
2016-06-06,27.286821365356445,0.010625726472190955,0.01056967018354949
2016-06-07,27.53386688232422,0.009053656842618718,0.009012918196031974
2016-06-08,27.73310089111328,0.0072359617935453535,0.00720990783016652
2016-06-09,27.414329528808594,-0.011494256035639805,-0.01156082559992091
2016-06-10,26.72100257873535,-0.025290676882856244,-0.0256159825701765
2016-06-13,26.34644317626953,-0.014017415752352602,-0.014116587570335239
2016-06-14,26.258785247802734,-0.003327125710302803,-0.0033326729005993686
2016-06-15,26.537708282470703,0.010622084458050463,0.010566066455079579
2016-06-16,26.442081451416016,-0.0036034321440578942,-0.0036099401444619514
2016-06-17,26.513803482055664,0.0027124200026169554,0.002708748029937725
2016-06-20,26.98398780822754,0.017733567592069344,0.01757816245097383
2016-06-21,27.191192626953125,0.007678806416537398,0.007649474443215797
2016-06-22,27.26026153564453,0.0025401206059252335,0.0025368999523250582
2016-06-23,27.91887855529785,0.02416033385417582,0.023873090390037505
2016-06-24,26.224143981933594,-0.060702100552053384,-0.06262259827933808
2016-06-27,25.886810302734375,-0.01286347723806025,-0.012946928180030987
2016-06-28,26.649839401245117,0.029475593539237455,0.029049540103414387
2016-06-29,27.324525833129883,0.025316716612305168,0.025001556679114623
2016-06-30,27.597606658935547,0.009993982236814025,0.009944372654045797
2016-07-01,27.862655639648438,0.009604056757112733,0.009558230979298941
2016-07-05,27.26829719543457,-0.021331722715192236,-0.021562532190211342
2016-07-06,27.196012496948242,-0.0026508695415873307,-0.0026543893179385857
2016-07-07,27.12372398376465,-0.0026580555951614127,-0.002661594497391856
2016-07-08,27.710050582885742,0.021616744052993964,0.021386415630258372
2016-07-11,27.97510528564453,0.00956529119158267,0.009519833441643956
2016-07-12,28.36865997314453,0.014068032398146357,0.013969996013169296
2016-07-13,28.32046890258789,-0.001698743282279147,-0.0017001877827708188
2016-07-14,28.730106353759766,0.014464359773875168,0.014360748837527512
2016-07-15,28.66584014892578,-0.0022368940804694537,-0.00223939966521554
2016-07-18,28.92286491394043,0.008966238689650963,0.008926280642838397
2016-07-19,28.625690460205078,-0.010274723981168132,-0.010327873334342243
2016-07-20,28.770265579223633,0.00505053735627925,0.005037826173390268
2016-07-21,28.681907653808594,-0.003071154319786551,-0.003075879992207683
2016-07-22,28.890743255615234,0.007281091771415449,0.0072547125914841585
2016-07-25,28.601593017578125,-0.010008404265643422,-0.010058825046750118
2016-07-26,28.826486587524414,0.007862973569621623,0.007832221489618412
2016-07-27,28.92286491394043,0.0033433948366683452,0.00333781811880748
2016-07-28,28.930898666381836,0.0002777647534333294,0.0002777261839462019
2016-07-29,29.083505630493164,0.005274878111154457,0.0052610146722078125
2016-08-01,29.02728271484375,-0.001933154701628026,-0.0019350256567976021
2016-08-02,28.81845474243164,-0.00719419638633001,-0.0072201994060960084
2016-08-03,28.914833068847656,0.003344326657255259,0.003338746833900449
2016-08-04,29.07547378540039,0.005555650837417714,0.0055402751310539115
2016-08-05,29.41281509399414,0.011602263511975464,0.011535473367491831
2016-08-08,29.62164306640625,0.007099897501982033,0.007074811896544162
2016-08-09,29.82244110107422,0.006778760861368083,0.006755888368552765
2016-08-10,29.83047103881836,0.0002692582313073011,0.0002692219878154974
2016-08-11,30.216005325317383,0.012924176959771438,0.01284137247479205
2016-08-12,30.103553771972656,-0.003721589009997528,-0.0037285313520923524
2016-08-15,30.416799545288086,0.010405607779340409,0.010351842097472403
2016-08-16,30.280258178710938,-0.004489011619182692,-0.004499117486753379
2016-08-17,30.087482452392578,-0.006366383178789903,-0.006386735020577719
2016-08-18,30.36861228942871,0.009343747436528327,0.009300364657558333
2016-08-19,30.19993782043457,-0.005554236966331727,-0.005569719094690385
2016-08-22,29.7983455657959,-0.01329778415526861,-0.013386991408827244
2016-08-23,29.6778621673584,-0.004043291536822702,-0.004051487740602988
2016-08-24,29.758188247680664,0.002706599278253119,0.0027029430342656088
2016-08-25,29.78227996826172,0.0008095829080903005,0.0008092553726139257
2016-08-26,29.52526092529297,-0.008629931732649365,-0.008667385229936882
2016-08-29,29.750158309936523,0.007617117600166479,0.007588253839675613
2016-08-30,29.669830322265625,-0.00270008605783012,-0.002703737865133832
2016-08-31,29.340524673461914,-0.011099006810179946,-0.011161060368724727
2016-09-01,29.565418243408203,0.007664947114926823,0.007635720658943007
2016-09-02,30.04732894897461,0.016299810190368413,0.016168394396209988
2016-09-06,30.689889907836914,0.021384961037750783,0.021159511251607994
2016-09-07,30.593502044677734,-0.003140704103163472,-0.0031456464653396967
2016-09-08,30.5131778717041,-0.002625530508286733,-0.002628983258369637
2016-09-09,29.485095977783203,-0.033693045616014716,-0.03427373708257604
2016-09-12,29.685895919799805,0.006810218361436027,0.006787133573403504
2016-09-13,28.93893051147461,-0.025162299643683217,-0.025484283013497065
2016-09-14,29.02728271484375,0.00305305696539504,0.003048405851317592
2016-09-15,29.52526092529297,0.01715552280043653,0.01701002848248361
2016-09-16,29.324460983276367,-0.006800954021191519,-0.006824185901538429
2016-09-19,29.557388305664062,0.00794310669582421,0.007911726286264568
2016-09-20,29.573448181152344,0.000543345552800556,0.0005431979940535217
2016-09-21,30.400737762451172,0.02797406566293059,0.027589938760395498
2016-09-22,30.61759376525879,0.007133248031745643,0.007107926761961413
2016-09-23,30.224031448364258,-0.012854123021943664,-0.012937452113063172
2016-09-26,29.78227996826172,-0.014615901947337528,-0.014723766558136113
2016-09-27,30.207977294921875,0.01429364464754923,0.014192453627988651
2016-09-28,30.481046676635742,0.009039644695435278,0.008999031675351302
2016-09-29,29.95094871520996,-0.0173910681955719,-0.017544069318998275
2016-09-30,30.079458236694336,0.004290666139036725,0.004281487476762453
2016-10-03,30.288288116455078,0.006942607746371898,0.006918618811720947
2016-10-04,29.95094871520996,-0.011137618605187805,-0.011200106288483327
2016-10-05,30.38467025756836,0.014481061901659986,0.01437721268875462
2016-10-06,30.40877342224121,0.0007932672781547634,0.0007929528079624211
2016-10-07,30.272214889526367,-0.004490760966207374,-0.004500874723571565
2016-10-10,30.601537704467773,0.01087871555296549,0.01081996800811611
2016-10-11,29.89472007751465,-0.023097454571700538,-0.02336838070855777
2016-10-12,29.838504791259766,-0.0018804419679836482,-0.0018822122185648943
2016-10-13,29.573448181152344,-0.008883039279671379,-0.008922728689638084
2016-10-14,29.62164306640625,0.0016296674286573332,0.001628340961631181
2016-10-17,29.589513778686523,-0.0010846558257318062,-0.0010852444905662785
2016-10-18,30.111587524414062,0.01764387713946114,0.017490030932273533
2016-10-19,30.29631805419922,0.006134865178907489,0.006116123506222931
2016-10-20,30.207977294921875,-0.0029158909382752674,-0.0029201504304153816
2016-10-21,30.19993782043457,-0.00026613746457815335,-0.000266172885437864
2016-10-24,30.328447341918945,0.0042552909296860175,0.004246262781773654
2016-10-25,30.360572814941406,0.001059252148990053,0.0010586915372836605
2016-10-26,30.03929901123047,-0.010581941443240095,-0.010638328326835618
2016-10-27,29.78227996826172,-0.008556093232157669,-0.008592906734772435
2016-10-28,29.66179656982422,-0.004045472628888547,-0.004053677689659561
2016-10-31,29.83047103881836,0.005686589772034845,0.005670482156501474
2016-11-01,29.589513778686523,-0.008077554652699881,-0.008110354846934517
2016-11-02,29.23611068725586,-0.011943524793071147,-0.012015421727288735
2016-11-03,29.15579605102539,-0.002747103986902033,-0.0027508842017421637
2016-11-04,28.858613967895508,-0.010192898956001284,-0.010245202269032505
2016-11-07,29.902759552001953,0.03618141831995225,0.03554224271503616
2016-11-08,30.095523834228516,0.006446371007710505,0.006425682023106245
2016-11-09,29.115629196166992,-0.032559481053028194,-0.033101335092695965
2016-11-10,28.288349151611328,-0.028413606966274152,-0.02882508665193331
2016-11-11,27.750207901000977,-0.019023423662023697,-0.019206697033160736
2016-11-14,27.54941177368164,-0.007235842269567083,-0.0072621479488862
2016-11-15,28.10361671447754,0.020116761306872677,0.019917092614258242
2016-11-16,27.870685577392578,-0.008288297533070477,-0.008322836449346642
2016-11-17,27.910844802856445,0.0014409127235981423,0.001439875605005011
2016-11-18,27.782333374023438,-0.004604354677929856,-0.004614987369271863
2016-11-21,28.055421829223633,0.009829572322947344,0.009781576340616703
2016-11-22,28.481107711791992,0.015173034472964142,0.015059075277409939
2016-11-23,28.1758975982666,-0.010716230443488906,-0.010774062775095601
2016-11-25,28.31244468688965,0.004846237396584296,0.004834532190370975
2016-11-28,28.42489242553711,0.003971671817500466,0.0039638055502631145
2016-11-29,28.465049743652344,0.0014127518062005961,0.0014117548112614368
2016-11-30,28.51323890686035,0.0016929239064040758,0.001691492525978698
2016-12-01,28.1758975982666,-0.011831041352253546,-0.011901585077874026
2016-12-02,28.208024978637695,0.0011402433679015278,0.001139593784174639
2016-12-05,28.440956115722656,0.008257619498754698,0.00822371189503399
2016-12-06,28.593557357788086,0.0053655454283785264,0.0053512021728907185
2016-12-07,29.07547378540039,0.01685402140007053,0.016713568317452552
2016-12-08,29.2039794921875,0.004419728728604078,0.004409990410858593
2016-12-09,29.05137062072754,-0.00522561904622576,-0.005239320346126878
2016-12-12,28.858613967895508,-0.006635027839082541,-0.006657137489325461
2016-12-13,29.179889678955078,0.011132749182513724,0.011071236248000216
2016-12-14,28.31244468688965,-0.0297274938873755,-0.03017831280258759
2016-12-15,28.36063575744629,0.0017021161927057715,0.0017006692346335278
2016-12-16,28.23212432861328,-0.0045313310298154,-0.004541628629931393
2016-12-19,28.039356231689453,-0.006827969963580038,-0.006851387206185274
2016-12-20,28.1357364654541,0.003437319778965664,0.003431425698033088
2016-12-21,28.01875877380371,-0.004157619680366986,-0.004166286611948702
2016-12-22,27.68568992614746,-0.011887351982474481,-0.011958571521553165
2016-12-23,27.848161697387695,0.005868438593137126,0.005851286379138588
2016-12-27,27.970020294189453,0.004375821934888835,0.004366275863892643
2016-12-28,28.181232452392578,0.007551376651914854,0.007523007733990198
2016-12-29,28.64427947998047,0.016431042480847147,0.01629751359611646
2016-12-30,28.441190719604492,-0.0070900285873106705,-0.00711528227704363
2017-01-03,28.78238868713379,0.01199661332372104,0.011925224341611983
2017-01-04,29.00172996520996,0.0076206766735180675,0.007591786001846952
2017-01-05,29.318557739257812,0.010924443970339537,0.010865203289470231
2017-01-06,29.196701049804688,-0.004156298905861888,-0.0041649603241190845
2017-01-09,29.17232894897461,-0.0008347552961035509,-0.0008351038983176014
2017-01-10,29.342927932739258,0.005847972716303884,0.005830939697350943
2017-01-11,29.692251205444336,0.011904853990910791,0.011834548649781127
2017-01-12,29.82222557067871,0.004377383322506034,0.004367830447714203
2017-01-13,29.797853469848633,-0.0008172462102908895,-0.0008175803380304961
2017-01-17,29.78160285949707,-0.0005453617780893927,-0.0005455105419130875
2017-01-18,29.61913299560547,-0.005455376752490415,-0.005470311662050591
2017-01-19,29.529767990112305,-0.003017137790847002,-0.0030216985269612183
2017-01-20,29.586637496948242,0.0019258365610925754,0.0019239845153063298
2017-01-23,30.025320053100586,0.014827050089676108,0.014718203974724587
2017-01-24,30.212162017822266,0.006222813425177387,0.006203531671541633
2017-01-25,30.545238494873047,0.011024582645038805,0.010964254920805138
2017-01-26,30.41526222229004,-0.004255205687944574,-0.0042642848405963964
2017-01-27,30.439632415771484,0.000801248836959978,0.0008009280084748089
2017-01-30,30.277162551879883,-0.005337445001714958,-0.005351740049999979
2017-01-31,30.334020614624023,0.0018779191295326125,0.0018761580438437274
2017-02-01,30.35028076171875,0.0005360366600031252,0.0005358930436728116
2017-02-02,30.480247497558594,0.004282225158317887,0.004273082523419251
2017-02-03,30.667098999023438,0.006130248826877516,0.006111535291680174
2017-02-06,30.593984603881836,-0.002384131447970672,-0.002386978014644064
2017-02-07,30.439632415771484,-0.005045180943536454,-0.005057950837971695
2017-02-08,30.626480102539062,0.0061383029931323385,0.0061195403526821774
2017-02-09,30.76457977294922,0.004509159065873458,0.004499023266000257
2017-02-10,31.048904418945312,0.009241947983508414,0.00919950250111168
2017-02-13,31.146394729614258,0.0031398953519743422,0.0031349761750077716
2017-02-14,31.178890228271484,0.0010433149306467993,0.0010427710558801157
2017-02-15,31.43071937561035,0.008076911830252387,0.008044468157272852
2017-02-16,31.31699562072754,-0.003618235826032712,-0.0036247974737866943
2017-02-17,31.187015533447266,-0.00415046477811698,-0.00415910186395208
2017-02-21,31.52821922302246,0.010940568814905127,0.010881153755464713
2017-02-22,31.625694274902344,0.0030916764182071788,0.0030869070144433183
2017-02-23,31.63381576538086,0.0002568003854055423,0.0002567674178305066
2017-02-24,31.260122299194336,-0.01181310117496115,-0.011883430273186342
2017-02-27,31.16264533996582,-0.0031182526509510033,-0.003123124531220443
2017-02-28,30.862062454223633,-0.009645615205737812,-0.00969243546883686
2017-03-01,31.341365814208984,0.015530503209119084,0.015411139213099237
2017-03-02,30.788955688476562,-0.017625591973467247,-0.017782772390169455
2017-03-03,31.0245361328125,0.007651459397309379,0.007622335447991455
2017-03-06,31.04079246520996,0.0005239830928613909,0.0005238458616563835
2017-03-07,31.07328224182129,0.0010466799985129338,0.0010461326109297497
2017-03-08,30.780826568603516,-0.009411805001537932,-0.009456375920548403
2017-03-09,30.537126541137695,-0.007917267163786823,-0.007948775138348732
2017-03-10,30.878305435180664,0.011172593255732721,0.011110640854602415
2017-03-13,31.308862686157227,0.013943681329287472,0.013847362531150422
2017-03-14,31.130149841308594,-0.005708059300654433,-0.005724412530974836
2017-03-15,31.942529678344727,0.026096239214310923,0.02576154275340681
2017-03-16,32.137489318847656,0.00610345024223613,0.006084899633351455
2017-03-17,32.08063888549805,-0.001768975565750508,-0.0017705420506815856
2017-03-20,32.45431900024414,0.011648150651856648,0.011580833190050441
2017-03-21,32.09687423706055,-0.011013781037306769,-0.011074881771277634
2017-03-22,32.251224517822266,0.004808888230726893,0.004797362463699544
2017-03-23,32.25934982299805,0.00025193788134436623,0.00025190615032572326
2017-03-24,32.3405876159668,0.0025182712427400666,0.0025151057110452454
2017-03-27,32.251224517822266,-0.002763187212480034,-0.0027670118613709726
2017-03-28,32.3405876159668,0.0027708435720059654,0.002767011861370955
2017-03-29,32.3974494934082,0.0017582202932309166,0.0017566764332968337
2017-03-30,32.22685623168945,-0.005265638634715963,-0.005279550969540929
2017-03-31,31.999385833740234,-0.007058411044312263,-0.0070834394710332805
2017-04-03,32.178104400634766,0.005585062407856833,0.005569523776111428
2017-04-04,32.194358825683594,0.0005051392974071423,0.0005050117575007214
2017-04-05,32.09687423706055,-0.0030280021773652077,-0.0030325958514053034
2017-04-06,32.040008544921875,-0.0017716894087154156,-0.0017732607065713381
2017-04-07,31.98314666748047,-0.0017747148026406867,-0.00177629147466097
2017-04-10,31.853164672851562,-0.004064077746329664,-0.004072358553805642
2017-04-11,31.78005599975586,-0.0022951776957349512,-0.002297815653222875
2017-04-12,31.934406280517578,0.004856828470123142,0.004845072129050301
2017-04-13,31.796297073364258,-0.004324777668955004,-0.004334156570776161
2017-04-17,32.129371643066406,0.01047526285635203,0.010420777459325074
2017-04-18,31.72318458557129,-0.012642234713070466,-0.01272282773339528
2017-04-19,31.52821922302246,-0.0061458319867894184,-0.006164795349210964
2017-04-20,31.918148040771484,0.012367613121146093,0.012291758976765236
2017-04-21,31.918148040771484,0.0,0.0
2017-04-24,32.373077392578125,0.014252999617193396,0.01415238057324654
2017-04-25,32.657405853271484,0.00878286785174609,0.008744522823875459
2017-04-26,32.53554916381836,-0.0037313646405542356,-0.0037383435475681842
2017-04-27,32.494937896728516,-0.0012482121289966175,-0.0012489917946156904
2017-04-28,32.54368591308594,0.0015001726272672045,0.0014990484924351697
2017-05-01,32.73052978515625,0.0057413248323903154,0.005724906239981241
2017-05-02,32.966102600097656,0.007197341946119096,0.007171564691816599
2017-05-03,32.74677658081055,-0.006653077009062591,-0.0066753073810189596
2017-05-04,32.381202697753906,-0.011163660098101547,-0.011226441435121004
2017-05-05,32.6492919921875,0.008279164209431533,0.008245079926454707
2017-05-08,32.64116668701172,-0.00024886619831532286,-0.0002488971706464056
2017-05-09,33.05547332763672,0.012692764465121131,0.012612886534608039
2017-05-10,33.27482223510742,0.006635781774974925,0.006613861892031656
2017-05-11,33.34791946411133,0.002196772938031888,0.0021943635602866057
2017-05-12,33.486026763916016,0.004141406781113188,0.0041328547595191915
2017-05-15,33.82722091674805,0.010189150096472366,0.010137590642199289
2017-05-16,33.85972213745117,0.0009608007936303675,0.000960339519985592
2017-05-17,33.28293991088867,-0.017034464258776083,-0.017181219733193843
2017-05-18,32.73052978515625,-0.01659739575925201,-0.016736675806921886
2017-05-19,33.429168701171875,0.021345175913787706,0.02112055835886076
2017-05-22,33.46165466308594,0.0009717849164738723,0.0009713130391959992
2017-05-23,33.494163513183594,0.0009715254796864858,0.0009710538542470156
2017-05-24,33.624141693115234,0.0038806217650571018,0.0038731115756148933
2017-05-25,33.78661346435547,0.004831997578498726,0.004820360948589093
2017-05-26,33.90846633911133,0.003606543013978447,0.0036000550324994485
2017-05-30,33.72974395751953,-0.0052707303186299015,-0.005284669619446855
2017-05-31,33.469783782958984,-0.007707149360159704,-0.007737002925303937
2017-06-01,33.75410461425781,0.008494851151192417,0.008458972946634885
2017-06-02,33.924713134765625,0.005054452560881995,0.00504172169588525
2017-06-05,33.88409423828125,-0.00119732468548861,-0.0011980420513602646
2017-06-06,33.90034484863281,0.0004795940607791316,0.0004794790923048938
2017-06-07,33.85972213745117,-0.0011982978746388762,-0.0011990164076054323
2017-06-08,34.062828063964844,0.00599845225218254,0.0059805331596467885
2017-06-09,33.802852630615234,-0.007632232792339377,-0.007661507329550985
2017-06-12,33.624141693115234,-0.0052868596462223305,-0.0053008845422929975
2017-06-13,33.78661346435547,0.004831997578498726,0.004820360948589093
2017-06-14,33.77849197387695,-0.0002403759846213438,-0.0002404048795588606
2017-06-15,33.429168701171875,-0.01034158875343616,-0.01039543453808828
2017-06-16,33.486026763916016,0.0017008518295027475,0.0016994070190701034
2017-06-19,33.819114685058594,0.009947072057575612,0.009897925576645083
2017-06-20,33.4453125,-0.011052985524300007,-0.011114523642232216
2017-06-21,33.51877212524414,0.002196410191835918,0.0021940016091494506
2017-06-22,33.690147399902344,0.005112814813676758,0.005099788757028265
2017-06-23,33.86970901489258,0.00532979606348527,0.005315642966919218
2017-06-26,34.19615936279297,0.00963841607723448,0.009592262870552528
2017-06-27,33.7962532043457,-0.011694475809537308,-0.011763394026970641
2017-06-28,34.05741882324219,0.007727650083498183,0.0076979447324845626
2017-06-29,33.6248664855957,-0.012700678812197386,-0.01278202190897573
2017-06-30,33.77993392944336,0.00461168950407842,0.004601088244686779
2017-07-03,33.975807189941406,0.005798509283859721,0.005781762634783816
2017-07-05,33.91050720214844,-0.001921955449885604,-0.0019238047761896923
2017-07-06,33.502445220947266,-0.012033496838269597,-0.012106485491471176
2017-07-07,33.56773376464844,0.0019487695083328926,0.0019468731203835718
2017-07-10,33.88602828979492,0.009482157102952637,0.009437483629857971
2017-07-11,34.163516998291016,0.008188882631006367,0.008155535657576308
2017-07-12,34.824581146240234,0.01935000275241827,0.019165171961180866
2017-07-13,34.99597930908203,0.004921758057104597,0.004909685800864009
2017-07-14,35.43669128417969,0.012593217386640987,0.012514582315399161
2017-07-17,35.273460388183594,-0.004606267969181621,-0.004616909512592027
2017-07-18,35.37956237792969,0.0030079835825134182,0.0030034686515234164
2017-07-19,35.67337417602539,0.00830456281389691,0.008270269661080019
2017-07-20,35.632564544677734,-0.0011439801333702482,-0.0011446349781102426
2017-07-21,35.60808563232422,-0.0006869814919671091,-0.0006872175718801411
2017-07-24,35.71417236328125,0.002979287683489762,0.0029748584011627514
2017-07-25,35.62440490722656,-0.0025134967469379044,-0.0025166608830288965
2017-07-26,35.918216705322266,0.00824748648744733,0.00821366182248285
2017-07-27,35.72233581542969,-0.00545352492022666,-0.005468449673662716
2017-07-28,35.706016540527344,-0.00045683672497398575,-0.0004569411066620978
2017-07-31,35.7468147277832,0.0011426138003816089,0.0011419615140601503
2017-08-01,35.85292434692383,0.002968365711705001,0.0029639688131255135
2017-08-02,35.88557052612305,0.0009105583378170579,0.000910144031055017
2017-08-03,35.73865509033203,-0.004093997493618495,-0.004102400844731601
2017-08-04,35.86924362182617,0.003653985612051436,0.0036473260243863838
2017-08-07,36.11408233642578,0.006825867787483064,0.006802677023538312
2017-08-08,36.122249603271484,0.00022615185870211718,0.00022612629022535302
2017-08-09,35.79579162597656,-0.00903758710712621,-0.009078673834747288
2017-08-10,34.94700622558594,-0.02371187678315434,-0.023997527920434466
2017-08-11,35.02861785888672,0.002335296842710166,0.0023325742748838926
2017-08-14,35.387725830078125,0.01025184529512635,0.010199651547533427
2017-08-15,35.42852783203125,0.0011529987021219323,0.0011523345096114289
2017-08-16,35.79579162597656,0.010366329520846262,0.010312967588405764
2017-08-17,35.33875274658203,-0.012767950047593457,-0.012850160847060319
2017-08-18,35.640716552734375,0.00854483485361679,0.00850853439332472
2017-08-21,35.77131271362305,0.0036642406079416823,0.0036575436328914854
2017-08-22,36.17121124267578,0.011179308186261672,0.01111728156883636
2017-08-23,36.34260177612305,0.0047383133591349935,0.004727122887774103
2017-08-24,36.45685577392578,0.003143803476332252,0.003138872059084582
2017-08-25,36.66905975341797,0.005820687905948141,0.005803813152218031
2017-08-28,36.53847885131836,-0.0035610649135184858,-0.0035674205983346006
2017-08-29,36.47319793701172,-0.001786634702891754,-0.0017882326382406839
2017-08-30,36.53030776977539,0.0015658027262182017,0.001564578135274718
2017-08-31,36.587440490722656,0.0015639813742422959,0.0015627596290647228
2017-09-01,36.85676574707031,0.007361139580560394,0.00733417862067918
2017-09-05,36.37525177001953,-0.013064466381971007,-0.01315055716505783
2017-09-06,36.6119270324707,0.006506491390012581,0.006485415545378933
2017-09-07,36.88125228881836,0.007356216352905731,0.007329291356825346
2017-09-08,36.63640594482422,-0.0066387752258719734,-0.006660909913321499
2017-09-11,37.126094818115234,0.013366182098443424,0.01327764276913235
2017-09-12,37.08529281616211,-0.0010990114137513496,-0.0010996157696317114
2017-09-13,36.8894157409668,-0.005281799342027771,-0.005295797355728421
2017-09-14,36.98735427856445,0.0026549224386032133,0.0026514043574717085
2017-09-15,37.20771026611328,0.00595760339842788,0.005939927050337842
2017-09-18,37.33829116821289,0.0035095119040027267,0.003503367937786058
2017-09-19,37.41990661621094,0.002185837793978296,0.002183452326078974
2017-09-20,37.24850845336914,-0.0045804006033394185,-0.0045909227810031735
2017-09-21,37.24850845336914,0.0,0.0
2017-09-22,37.03631591796875,-0.0056966720067739285,-0.005712959930176771
2017-09-25,36.40789794921875,-0.01696761551936954,-0.017113214839857272
2017-09-26,36.30995559692383,-0.002690140266585317,-0.0026937651964182288
2017-09-27,36.17937469482422,-0.0035962837175893547,-0.0036027658917026878
2017-09-28,36.154884338378906,-0.0006769148624565791,-0.0006771440727651664
2017-09-29,36.571128845214844,0.011512815334720594,0.011447047179334365
2017-10-02,36.57928466796875,0.00022301260615775753,0.0002229877425430359
2017-10-03,37.15874099731445,0.015841106096126323,0.015716945288171864
2017-10-04,37.150577545166016,-0.00021969130087129418,-0.00021971543654012915
2017-10-05,37.42806625366211,0.007469297298507316,0.007441540228952624
2017-10-06,37.240360260009766,-0.005015113321115705,-0.005027731206355343
2017-10-09,37.21587371826172,-0.0006575269835491504,-0.0006577432492217379
2017-10-10,37.583133697509766,0.009868369127333798,0.009819994763089687
2017-10-11,37.75452423095703,0.004560304492613909,0.004549937808955791
2017-10-12,37.73820877075195,-0.00043214582986850214,-0.00043223923178744097
2017-10-13,38.08098220825195,0.00908292811622946,0.009041926414634176
2017-10-16,38.05649185180664,-0.0006431125203489874,-0.0006433194059111211
2017-10-17,37.86062240600586,-0.0051468077132149626,-0.005160098149860614
2017-10-18,37.95039749145508,0.0023711994083588372,0.002368392551244696
2017-10-19,37.61578369140625,-0.008817135581364322,-0.008856236529879439
2017-10-20,37.75452423095703,0.003688359670743102,0.0036815743515596776
2017-10-23,37.45254898071289,-0.007998385793364982,-0.008030544474157726
2017-10-24,37.45254898071289,0.0,0.0
2017-10-25,37.37093734741211,-0.0021790675273613003,-0.0021814451496332955
2017-10-26,37.117942810058594,-0.006769820489157086,-0.006792839673203203
2017-10-27,37.65658187866211,0.014511555000767729,0.014407270066840689
2017-10-30,37.41990661621094,-0.0062850968049568134,-0.006304931176853565
2017-10-31,37.770843505859375,0.009378347553021582,0.009334643884582716
2017-11-01,37.96671676635742,0.0051858323065425704,0.005172432185408939
2017-11-02,38.01568603515625,0.0012897946667387306,0.0012889635961277626
2017-11-03,37.81980895996094,-0.005152532957426237,-0.0051658530298064435
2017-11-06,38.244205474853516,0.011221540419251719,0.011159046022233722
2017-11-07,37.999359130859375,-0.0064021814796265675,-0.006422763336358044
2017-11-08,38.17891311645508,0.004725184574228436,0.004714055932419853
2017-11-09,37.942237854003906,-0.00619910948562763,-0.00621840374431191
2017-11-10,37.77901077270508,-0.004301988773748655,-0.004311268952500169
2017-11-13,37.697383880615234,-0.0021606413302069916,-0.0021629788833688263
2017-11-14,37.44438552856445,-0.006711297337025024,-0.006733919365247257
2017-11-15,37.24850845336914,-0.005231146737496584,-0.005244877090183274
2017-11-16,38.02384948730469,0.02081535787952915,0.020601678439894147
2017-11-17,38.21155548095703,0.004936533154409117,0.0049243884267848445
2017-11-20,38.40743637084961,0.0051262213073266505,0.005113126965479296
2017-11-21,38.92159652709961,0.013386994937267804,0.013298180878124538
2017-11-22,39.01953125,0.002516205182698572,0.002513044838710343
2017-11-24,38.937923431396484,-0.0020914607630894144,-0.002093650921437514
2017-11-27,38.366615295410156,-0.014672280533729487,-0.014780983027744865
2017-11-28,38.65227508544922,0.007445530126636957,0.007417948986734378
2017-11-29,38.040164947509766,-0.015836328821169032,-0.015963063262787996
2017-11-30,37.62393569946289,-0.010941836046747255,-0.01100213821586238
2017-12-01,37.411739349365234,-0.005639929639277064,-0.0056558940963516696
2017-12-04,37.48520278930664,0.0019636467381367595,0.0019617213040502082
2017-12-05,37.46071243286133,-0.0006533339724201781,-0.0006535474880630177
2017-12-06,36.9547119140625,-0.013507498548131047,-0.013599554712198935
2017-12-07,37.06080627441406,0.002870929168607317,0.0028668159221406577
2017-12-08,37.49335479736328,0.011671319823601367,0.01160373532892057
2017-12-11,37.68107223510742,0.005006685551577794,0.004994193779039848
2017-12-12,37.42806625366211,-0.0067144050431130475,-0.006737048073890824
2017-12-13,37.8769416809082,0.01199301679664444,0.011921670442893254
2017-12-14,37.59944534301758,-0.0073262603994899145,-0.007353229246474897
2017-12-15,37.68107223510742,0.002170960006063094,0.0021686068774724137
2017-12-18,38.10546112060547,0.011262654174226006,0.011199702710765435
2017-12-19,37.90412902832031,-0.005283549558629752,-0.005297556867257
2017-12-20,37.95384216308594,0.0013115493229900466,0.0013106899934633707
2017-12-21,38.202392578125,0.006548755037001364,0.006527405100379975
2017-12-22,38.5255126953125,0.008458112054806843,0.008422542650976191
2017-12-26,38.49237060546875,-0.0008602634338927828,-0.0008606336728312053
2017-12-27,38.59178924560547,0.0025828141674026917,0.0025794844350453022
2017-12-28,38.85691452026367,0.006869991773921003,0.0068465009071059235
2017-12-29,39.039188385009766,0.004690899084409672,0.0046799311037187055
2018-01-02,39.776546478271484,0.018887638902473913,0.018711482118126233
2018-01-03,40.15766525268555,0.009581494829427939,0.009535883426675057
2018-01-04,40.35651779174805,0.004951795325033315,0.004939575509975718
2018-01-05,40.70448684692383,0.008622375621489597,0.008585415246343086
2018-01-08,40.70448684692383,0.0,0.0
2018-01-09,40.6381950378418,-0.0016286118366098945,-0.0016299394665253994
2018-01-10,40.38136672973633,-0.006319874882885768,-0.0063399298333230245
2018-01-11,40.62991714477539,0.006155076837853324,0.006136211723655711
2018-01-12,41.019317626953125,0.009584082605686772,0.00953844664020024
2018-01-16,40.86189270019531,-0.0038378241244649836,-0.0038452074681738623
2018-01-17,41.400428771972656,0.013179420633512962,0.013093327681223729
2018-01-18,41.45013427734375,0.001200603637340647,0.0011998834891443788
2018-01-19,41.78982162475586,0.00819508436665739,0.008161687001519273
2018-01-22,42.030094146728516,0.005749546483594603,0.005733080924064151
2018-01-23,42.22893524169922,0.0047309219502706945,0.004719766309495168
2018-01-24,42.58518981933594,0.008436267113951068,0.008400880692787153
2018-01-25,42.560325622558594,-0.0005838695772597546,-0.0005840400954782099
2018-01-26,43.14857482910156,0.01382153914328077,0.013726892779602009
2018-01-29,42.494056701660156,-0.01516893964710897,-0.015285164852060504
2018-01-30,41.91408920288086,-0.01364820268516842,-0.013742195606225797
2018-01-31,42.27864456176758,0.008697680560876053,0.008660073641961223
2018-02-01,41.706974029541016,-0.013521496210489259,-0.013613744137508542
2018-02-02,40.6381950378418,-0.025625905896270562,-0.025959968890882926
2018-02-05,39.21316909790039,-0.035066172073204505,-0.035695752090909805
2018-02-06,40.48905944824219,0.032537292437557985,0.0320191637843817
2018-02-07,39.21316909790039,-0.03151197799427241,-0.03201916378438166
2018-02-08,37.85442352294922,-0.034650236290744596,-0.03526479387243907
2018-02-09,38.45923614501953,0.01597733014488112,0.015851036057828363
2018-02-12,39.06404113769531,0.015725871163827065,0.015603500903898337
2018-02-13,39.3623046875,0.007635245640699395,0.0076062446788023345
2018-02-14,40.34822463989258,0.02504731265661042,0.024738770214468
2018-02-15,41.176734924316406,0.02053399602630046,0.020326015820487955
2018-02-16,41.04417037963867,-0.0032194039892038395,-0.00322459741972288
2018-02-20,40.48078536987305,-0.013726310083858162,-0.01382138691672661
2018-02-21,40.44764709472656,-0.0008186173969625399,-0.000818952647157426
2018-02-22,40.47249984741211,0.0006144424823362193,0.0006142537898440021
2018-02-23,41.193302154541016,0.0178096808906405,0.017652946711797925
2018-02-26,41.57442092895508,0.009251959772107021,0.009209422559389014
2018-02-27,40.36479187011719,-0.029095511899130955,-0.029527179997637713
2018-02-28,39.78484344482422,-0.014367680308103203,-0.014471894845336666
2018-03-01,39.71027755737305,-0.0018742284999709868,-0.0018759870638499297
2018-03-02,39.8759765625,0.004172698236307948,0.004164016673005848
2018-03-05,39.93397521972656,0.001454476158988971,0.0014534194330714412
2018-03-06,40.30679702758789,0.009335955306477128,0.009292644631403961
2018-03-07,40.34822463989258,0.0010278071035099146,0.0010272792714309815
2018-03-08,40.35651779174805,0.00020553944887247155,0.00020551832853394242
2018-03-09,41.218162536621094,0.02135081994237953,0.021126084417171235
2018-03-12,41.31758117675781,0.002412010483203497,0.0024091062549997317
2018-03-13,40.94475173950195,-0.009023505893553718,-0.009064464301322215
2018-03-14,41.01103591918945,0.001618868765140169,0.001617559809595212
2018-03-15,40.86189270019531,-0.003636660612231779,-0.0036432893382671644
2018-03-16,40.77076721191406,-0.0022300848604797086,-0.0022325752028609577
2018-03-19,40.3316535949707,-0.010770305465702457,-0.01082872504877577
2018-03-20,40.779052734375,0.011093002630075288,0.011031926539469475
2018-03-21,41.019317626953125,0.00589187037136818,0.005874581180340998
2018-03-22,39.65227508544922,-0.0333267987033905,-0.033894791736519964
2018-03-23,38.848628997802734,-0.020267338656222322,-0.02047553907988579
2018-03-26,40.10795211791992,0.03241615348094817,0.03190183527318624
2018-03-27,39.378868103027344,-0.018178041420539914,-0.018345291974293132
2018-03-28,39.18003845214844,-0.0050491459114240245,-0.0050619359192155804
2018-03-29,40.000247955322266,0.020934372082752617,0.020718259038986924
2018-04-02,39.279449462890625,-0.01801985060784439,-0.01818418530025959
2018-04-03,39.66884994506836,0.009913593176646307,0.009864775883194827
2018-04-04,39.68541717529297,0.0004176382790919142,0.0004175510924999603
2018-04-05,39.78484344482422,0.002505360321451988,0.002502227138359112
2018-04-06,39.00605010986328,-0.01957512629252922,-0.01976925667136501
2018-04-09,39.047462463378906,0.0010616905172142754,0.0010611273224275656
2018-04-10,39.80970001220703,0.019520795993926532,0.019332709052803123
2018-04-11,39.826263427734375,0.0004160648164206471,0.0004159782854557435
2018-04-12,39.80970001220703,-0.0004158917784842231,-0.00041597828545578543
2018-04-13,39.412010192871094,-0.009989771819782445,-0.010040004411701721
2018-04-16,39.461727142333984,0.0012614669797250677,0.001260671998745869
2018-04-17,39.5445671081543,0.0020992483557933372,0.0020970480128031936
2018-04-18,39.88426208496094,0.008590180691005589,0.008553495030116001
2018-04-19,39.65227508544922,-0.005816504741081641,-0.005833486486401861
2018-04-20,39.155174255371094,-0.012536502105034097,-0.01261574704704796
2018-04-23,38.8403434753418,-0.008040591978366929,-0.008073091867514185
2018-04-24,38.65807342529297,-0.0046928022190263485,-0.004703847985974277
2018-04-25,38.35980987548828,-0.007715427163774269,-0.007745345057504669
2018-04-26,38.9149169921875,0.014471060166904692,0.014367353673702872
2018-04-27,39.155174255371094,0.006173911747822336,0.006154931237290308
2018-04-30,38.87348937988281,-0.007194065173893094,-0.007220067242859484
2018-05-01,38.68292236328125,-0.004902235936148913,-0.004914291309730234
2018-05-02,38.376380920410156,-0.007924464444342805,-0.007956029882761683
2018-05-03,38.29353332519531,-0.002158817304494187,-0.0021611509097277572
2018-05-04,38.4675178527832,0.0045434440878147075,0.0045331538028421095
2018-05-07,38.24382019042969,-0.005815235160470111,-0.005832209478880662
2018-05-08,38.45923614501953,0.005632699701996646,0.005616895368632318
2018-05-09,38.53380584716797,0.0019389283205535346,0.0019370510252730527
2018-05-10,39.33744430541992,0.020855413592919536,0.020640916610861974
2018-05-11,39.27117156982422,-0.0016847239765033217,-0.0016861447198729992
2018-05-14,39.32087326049805,0.0012656024428876478,0.0012648022432012196
2018-05-15,38.508949279785156,-0.020648676221760143,-0.02086484099164659
2018-05-16,39.08890151977539,0.015060193820834122,0.014947914992302158
2018-05-17,38.49237060546875,-0.015260876901461384,-0.01537852253506328
2018-05-18,38.169246673583984,-0.008394492903454953,-0.00842992508849513
2018-05-21,38.40122985839844,0.006077751201073678,0.006059356167240733
2018-05-22,38.53380584716797,0.0034523891359312664,0.0034464433214719302
2018-05-23,38.51723098754883,-0.00043013814116565907,-0.0004302306771123466
2018-05-24,38.310115814208984,-0.005377208278725898,-0.005391717499270199
2018-05-25,38.4675178527832,0.004108628627946809,0.004100211261357755
2018-05-29,37.572731018066406,-0.02326084147516827,-0.02353564464801816
2018-05-30,37.870994567871094,0.007938298380846254,0.007906955851886976
2018-05-31,37.85442352294922,-0.0004375656121778926,-0.0004376613719455126
2018-06-01,38.38467025756836,0.014007523699249624,0.013910324963209871
2018-06-04,38.7740592956543,0.010144389295858591,0.010093280334274032
2018-06-05,38.47579574584961,-0.007692347802184196,-0.0077220865147169014
2018-06-06,39.055755615234375,0.015073369065988107,0.014960894675407772
2018-06-07,38.45923614501953,-0.015273535508865232,-0.015391377400346318
2018-06-08,38.38467025756836,-0.0019388291324873297,-0.0019407110946185874
2018-06-11,38.38467025756836,0.0,0.0
2018-06-12,38.285247802734375,-0.002590160451212409,-0.00259352072047245
2018-06-13,38.02840805053711,-0.006708582729322732,-0.006731186419643849
2018-06-14,37.771568298339844,-0.006753891771013487,-0.006776802514096649
2018-06-15,37.47331619262695,-0.007896206568844044,-0.007927546695695018
2018-06-18,37.01763916015625,-0.012160040230449587,-0.012234578394017185
2018-06-19,36.609012603759766,-0.011038698460173801,-0.01110007700280938
2018-06-20,36.7674560546875,0.004327990285962091,0.00431865147183964
2018-06-21,36.25043487548828,-0.014061924176375085,-0.014161729776034766
2018-06-22,36.62568283081055,0.01035154355006096,0.0102983332141741
2018-06-25,36.13368606567383,-0.013433108330278998,-0.013524148753162287
2018-06-26,35.991912841796875,-0.003923574905125293,-0.003931292318323334
2018-06-27,35.29975891113281,-0.019230818148133433,-0.019418135733631034
2018-06-28,35.59996032714844,0.00850434748779394,0.008468389248444029
2018-06-29,36.13368606567383,0.014992312733516533,0.01488103880351027
2018-07-02,35.775089263916016,-0.009924168851914383,-0.00997374166763259
2018-07-03,35.800113677978516,0.0006994927078418645,0.0006992481768428251
2018-07-05,35.708377838134766,-0.0025624454902269944,-0.002565734172920248
2018-07-06,36.20039367675781,0.013778722765098506,0.013684659229929522
2018-07-09,36.85084533691406,0.017968082501099047,0.017808564494472105
2018-07-10,36.7674560546875,-0.0022628865488475425,-0.002265450745668697
2018-07-11,36.05028533935547,-0.019505584347889626,-0.019698328770307482
2018-07-12,36.54229736328125,0.01364793702169842,0.013555642732143847
2018-07-13,36.56731414794922,0.0006845980267542462,0.0006843637964214475
2018-07-16,36.3671760559082,-0.005473141703305595,-0.005488174218505185
2018-07-17,36.634029388427734,0.007337752376189277,0.007310962045273758
2018-07-18,36.59233474731445,-0.001138139642549163,-0.0011387878153262295
2018-07-19,36.14202117919922,-0.012306226733681758,-0.012382575364207463
2018-07-20,36.6590461730957,0.01430537023186873,0.014204013906026474
2018-07-23,36.41720962524414,-0.006596913261454396,-0.006618769067342742
2018-07-24,36.950923919677734,0.014655551590191829,0.01454919685956081
2018-07-25,37.55134201049805,0.016249068416407608,0.01611846519204135
2018-07-26,37.134376525878906,-0.011103877046593214,-0.011165985278740548
2018-07-27,37.2678108215332,0.0035932822397410913,0.003586841824655658
2018-07-30,37.20942687988281,-0.001566605077233496,-0.0015678334860895005
2018-07-31,37.409576416015625,0.005379000777919085,0.005364585622883057
2018-08-01,37.07600402832031,-0.008916764626944684,-0.008956756884512676
2018-08-02,36.583988189697266,-0.013270465669580345,-0.01335930513522028
2018-08-03,36.86752700805664,0.007750352883593603,0.007720473184854629
2018-08-06,36.583988189697266,-0.0076907468813249835,-0.007720473184854675
2018-08-07,36.959259033203125,0.010257789324662703,0.01020553524086953
2018-08-08,36.90922546386719,-0.0013537492537658569,-0.001354666400104452
2018-08-09,36.80082321166992,-0.0029369961258978172,-0.0029413175624553706
2018-08-10,36.01692581176758,-0.02130108327722846,-0.02153122540417745
2018-08-13,35.42484664916992,-0.016438914461828102,-0.016575532722694783
2018-08-14,35.641666412353516,0.00612055615457896,0.006101901629440223
2018-08-15,34.61594772338867,-0.028778640064071936,-0.029200865574511046
2018-08-16,34.83275604248047,0.006263249552613148,0.006243716921203806
2018-08-17,35.19969177246094,0.010534214678074028,0.010479116445256636
2018-08-20,35.358131408691406,0.004501165443568711,0.004491065494746154
2018-08-21,35.80845260620117,0.012736001015004828,0.012655580260131399
2018-08-22,36.091983795166016,0.007917996124628512,0.007886813288874162
2018-08-23,35.50823974609375,-0.016173786744037355,-0.01630601007246906
2018-08-24,36.16703414916992,0.01855328249969479,0.01838326999450744
2018-08-27,36.68406677246094,0.01429568764633915,0.014194467834370788
2018-08-28,36.55064010620117,-0.003637183060628657,-0.00364381369370378
2018-08-29,36.775794982910156,0.0061600802627470586,0.0061411845281153805
2018-08-30,35.81678771972656,-0.02607713208182849,-0.02642316952448386
2018-08-31,36.0002555847168,0.005122398647972259,0.005109323794750612
2018-09-04,35.29975891113281,-0.019458102788619258,-0.019649903803397702
2018-09-05,34.79106140136719,-0.014410792749215973,-0.014515636698325162
2018-09-06,34.824432373046875,0.0009591823398171773,0.0009587226183843028
2018-09-07,34.64929962158203,-0.005029019556981873,-0.005041707632763741
2018-09-10,34.307403564453125,-0.009867329523623347,-0.009916334249918729
2018-09-11,34.38245391845703,0.002187584783643226,0.0021851955039172474
2018-09-12,34.55756759643555,0.0050931116898702555,0.005080185667068816
2018-09-13,35.02457046508789,0.013513765612962692,0.01342326907023294
2018-09-14,34.991207122802734,-0.0009525696344631074,-0.0009530236172403939
2018-09-17,34.674320220947266,-0.00905618662263763,-0.009097443154168588
2018-09-18,35.00788116455078,0.009619826473252768,0.00957385056093258
2018-09-19,35.4915657043457,0.013816447145756028,0.013721870189219321
2018-09-20,35.883506774902344,0.011043217248334791,0.01098268615569993
2018-09-21,36.05028533935547,0.0046477777520277375,0.004637010183631261
2018-09-24,35.641666412353516,-0.011334693280662389,-0.011399420490060895
2018-09-25,35.7834358215332,0.003977631335737808,0.0039697414752668
2018-09-26,35.85849380493164,0.0020975622288699203,0.0020953654166484524
2018-09-27,36.033607482910156,0.004883464401241211,0.00487157896798278
2018-09-28,35.79177474975586,-0.006711310636022039,-0.006733932754100938
2018-10-01,35.800113677978516,0.0002329844854287444,0.0002329573487583861
2018-10-02,35.349788665771484,-0.012578871013028015,-0.012658654776870447
2018-10-03,35.057926177978516,-0.008256413936515883,-0.008290686900282732
2018-10-04,34.182308197021484,-0.024976319948641135,-0.025293521047056983
2018-10-05,34.05722427368164,-0.0036593176393729943,-0.0036660293206176916
2018-10-08,34.10725784301758,0.0014691029701618952,0.0014680248941340583
2018-10-09,33.9821662902832,-0.0036675933700129892,-0.0036743354805048958
2018-10-10,32.97312927246094,-0.029693134016320455,-0.03014290083072733
2018-10-11,32.63956069946289,-0.010116375981233938,-0.010167894259415972
2018-10-12,33.59856414794922,0.029381628549372873,0.02895826132126115
2018-10-15,33.239990234375,-0.010672298732626206,-0.010729656168222322
2018-10-16,34.07390213012695,0.0250876095291257,0.024778081649129584
2018-10-17,33.65693664550781,-0.01223709227744929,-0.01231258197288077
2018-10-18,32.772987365722656,-0.0262635096323639,-0.02661455571356401
2018-10-19,33.081539154052734,0.00941482034844321,0.009370777150739456
2018-10-22,33.44012451171875,0.01083943996668868,0.010781114336871655
2018-10-23,33.07319259643555,-0.010972803500017392,-0.011033448748655132
2018-10-24,32.00578689575195,-0.03227404483468688,-0.032806335955174994
2018-10-25,32.62287902832031,0.019280642421894756,0.019097125961073425
2018-10-26,32.24761199951172,-0.011503185493923485,-0.011569858929944164
2018-10-29,31.688901901245117,-0.01732562703480378,-0.017477472141244326
2018-10-30,32.30599594116211,0.01947350658726177,0.019286324022091288
2018-10-31,32.65623474121094,0.01084129400272027,0.01078294849001012
2018-11-01,33.82372283935547,0.03575084841827181,0.03512662110926197
2018-11-02,34.04054260253906,0.006410286774562568,0.0063898282696734894
2018-11-05,34.132266998291016,0.0026945632689507892,0.0026909394416405933
2018-11-06,34.07390213012695,-0.0017099616666829132,-0.0017114253198989144
2018-11-07,34.71602249145508,0.01884493178608926,0.018669565806824915
2018-11-08,33.81538391113281,-0.025943023298361623,-0.02628547941023638
2018-11-09,33.18994903564453,-0.018495572226295942,-0.01866875404431031
2018-11-12,32.72294616699219,-0.014070611200722394,-0.0141705407377279
2018-11-13,33.098209381103516,0.011467892047258843,0.01140263421256191
2018-11-14,33.29835891723633,0.006047140914126947,0.0060289303352568015
2018-11-15,34.04054260253906,0.022288896793606128,0.02204412971588923
2018-11-16,34.10725784301758,0.001959875941388134,0.001957957890221333
2018-11-19,33.648597717285156,-0.013447581387030727,-0.013538818982860577
2018-11-20,32.92308807373047,-0.021561363408080347,-0.02179720582230957
2018-11-21,33.5318489074707,0.01849039289318566,0.018321524036589296
2018-11-23,33.13990783691406,-0.011688620917927328,-0.011757469872825948
2018-11-26,33.54853439331055,0.012330346795392133,0.012254947238426047
2018-11-27,33.78202819824219,0.006959880935311302,0.006935772759379192
2018-11-28,34.5909309387207,0.023944765415849334,0.02366258513891602
2018-11-29,34.29072189331055,-0.008678836829861258,-0.008716717265552286
2018-11-30,34.257362365722656,-0.0009728441323482162,-0.0009733176523334748
2018-12-03,34.94951629638672,0.020204530730498327,0.02000312751868464
2018-12-04,34.20732879638672,-0.021235987751759833,-0.021464715306306177
2018-12-06,33.890438079833984,-0.009263825259171021,-0.009307001345741618
2018-12-07,33.256656646728516,-0.01870089231695682,-0.018877965091367032
2018-12-10,32.906410217285156,-0.010531618772262052,-0.010587468742397443
2018-12-11,33.156585693359375,0.007602636520431139,0.007573882126907337
2018-12-12,33.698638916015625,0.01634828228905416,0.016216087943237905
2018-12-13,33.6902961730957,-0.0002475691359735688,-0.0002475997862709283
2018-12-14,33.2149658203125,-0.014108820840904035,-0.014209296434678546
2018-12-17,32.906410217285156,-0.00928965589477282,-0.009333073849195614
2018-12-18,33.129878997802734,0.006791040986907637,0.006768085736161711
2018-12-19,32.579681396484375,-0.01660729281126716,-0.016746739947259948
2018-12-20,32.83362579345703,0.007794563546593247,0.007764342872546867
2018-12-21,32.60508728027344,-0.006960501853229273,-0.0069848391451810725
2018-12-24,32.30036163330078,-0.009345954033284198,-0.009389901496657761
2018-12-26,32.943660736083984,0.019916157908274945,0.019720425788586148
2018-12-27,32.901336669921875,-0.001284740833788156,-0.0012855668208217974
2018-12-28,33.214515686035156,0.009518732301219357,0.009473714617632835
2018-12-31,33.062156677246094,-0.004587121192109467,-0.004597674317200869
2019-01-02,33.14680480957031,0.0025602725542244187,0.0025570006399201596
2019-01-03,32.54582595825195,-0.018130823009065433,-0.01829720048920338
2019-01-04,33.59542465209961,0.0322498711568735,0.03174076096630084
2019-01-07,33.671592712402344,0.002267215285756796,0.002264649031283097
2019-01-08,33.79856872558594,0.0037710129802330794,0.0037639205356595666
2019-01-09,34.39954376220703,0.017781079474118222,0.017624845369346324
2019-01-10,34.6450080871582,0.007135685480249121,0.007110346943758319
2019-01-11,34.47572326660156,-0.0048862687556823214,-0.004898245597498568
2019-01-14,34.187931060791016,-0.008347677105569162,-0.008382714083262693
2019-01-15,34.424930572509766,0.006932256628730427,0.006908339009510123
2019-01-16,34.84815979003906,0.012294264955388767,0.012219304245845823
2019-01-17,35.000518798828125,0.004372081903521785,0.0043625521200023245
2019-01-18,35.1697998046875,0.0048365284764020355,0.004824870048318303
2019-01-22,34.56037521362305,-0.01732806539840548,-0.017479953498949388
2019-01-23,34.91587448120117,0.010286325463214174,0.01023378123495055
2019-01-24,35.254459381103516,0.00969716224878292,0.009650446534719644
2019-01-25,35.720001220703125,0.013205190145367585,0.013118761660261014
2019-01-28,35.347564697265625,-0.01042655405122539,-0.010481291379501316
2019-01-29,35.40681838989258,0.0016763161234565338,0.0016749126737816314
2019-01-30,36.177085876464844,0.021754778361902982,0.021521520096191078
2019-01-31,36.4818000793457,0.008422850970400964,0.008387576696062736
2019-02-01,36.194000244140625,-0.00788886059841154,-0.00792014228570799
2019-02-04,36.253257751464844,0.0016372190673732412,0.0016358802852898
2019-02-05,36.75265884399414,0.01377534388641588,0.013681326269553073
2019-02-06,36.253257751464844,-0.013588162278248439,-0.013681326269552927
2019-02-07,35.889286041259766,-0.010039696644651763,-0.010090434278292898
2019-02-08,35.68613815307617,-0.005660404833633281,-0.005676485636353276
2019-02-11,35.5676383972168,-0.0033206102423039008,-0.0033261357038214183
2019-02-12,35.86389923095703,0.008329505333798615,0.008295006444313961
2019-02-13,35.609962463378906,-0.007080567730318954,-0.007105753908721311
2019-02-14,35.677677154541016,0.0019015659236301108,0.001899760235876319
2019-02-15,35.62689971923828,-0.0014232270526690627,-0.0014242408022688564
2019-02-19,35.90620803833008,0.007839815456661015,0.007809243783691027
2019-02-20,36.10935592651367,0.0056577371792290165,0.005641792297265347
2019-02-21,36.033180236816406,-0.0021095831742967697,-0.002111811479296113
2019-02-22,36.431007385253906,0.011040578317620398,0.010980076045554957
2019-02-25,36.83730697631836,0.011152576341572962,0.01109084491430425
2019-02-26,36.7103385925293,-0.003446733602721963,-0.0034526872734005408
2019-02-27,36.39715576171875,-0.008531188837203496,-0.008567787732074754
2019-02-28,35.92314529418945,-0.013023283210163439,-0.013108829705486075
2019-03-01,35.96546936035156,0.0011781837535522754,0.001177490239744727
2019-03-04,36.01625442504883,0.001412050658603503,0.0014110546525693433
2019-03-05,36.37176513671875,0.009870840745246134,0.009822442225514792
2019-03-06,36.16862106323242,-0.005585213495213237,-0.005600869120659982
2019-03-07,35.49992370605469,-0.018488328764557305,-0.018661374113251847
2019-03-08,35.2459831237793,-0.007153271212018919,-0.00717897852414504
2019-03-11,35.90620803833008,0.0187319193858817,0.01855863757336129
2019-03-12,36.092430114746094,0.005186347614797526,0.00517294483501691
2019-03-13,36.1347541809082,0.0011726577021151652,0.0011719706761170992
2019-03-14,35.94007110595703,-0.0053876961214816,-0.005402262097823681
2019-03-15,36.46487808227539,0.014602279855572498,0.014496693196589985
2019-03-18,36.87116622924805,0.011141903342058335,0.011080289577658721
2019-03-19,36.888099670410156,0.00045925971141858035,0.0004591542839551368
2019-03-20,36.94734191894531,0.0016059989282308784,0.0016047106910394037
2019-03-21,36.998130798339844,0.0013746287758926723,0.0013736848387000478
2019-03-22,35.914676666259766,-0.029284023508795554,-0.029721359667346264
2019-03-25,35.999324798583984,0.0023569231350966113,0.002354149948368098
2019-03-26,36.10935592651367,0.003056477546323766,0.0030518160149899977
2019-03-27,35.720001220703125,-0.010782654406877978,-0.010841208517804981
2019-03-28,35.957000732421875,0.006634924513423179,0.006613010281218398
2019-03-29,36.32944107055664,0.010357936717423133,0.010304660860403925
2019-04-01,36.93041229248047,0.016542264461395506,0.016406931639412477
2019-04-02,36.81191635131836,-0.0032086276271071634,-0.003213786310550315
2019-04-03,37.06584930419922,0.006898118273914955,0.006874435106535781
2019-04-04,37.29438018798828,0.00616553749823745,0.006146608337703887
2019-04-05,37.58218002319336,0.007716975956012062,0.007687352402287731
2019-04-08,37.58218002319336,0.0,0.0
2019-04-09,37.50600051879883,-0.0020270113215230534,-0.002029068489376953
2019-04-10,37.683746337890625,0.004739130182721318,0.004727935858916376
2019-04-11,37.2774543762207,-0.010781623409384822,-0.010840166282789108
2019-04-12,37.54832077026367,0.007266225620163436,0.007239953790711455
2019-04-15,37.35364532470703,-0.005184664495324509,-0.005198151505568196
2019-04-16,37.63296127319336,0.007477608840001926,0.0074497901153087725
2019-04-17,37.74300765991211,0.0029242021620323744,0.0029199349995633283
2019-04-18,37.71760940551758,-0.0006729260853661767,-0.0006731526017492491
2019-04-22,37.472137451171875,-0.0065081525105828986,-0.006529422872532464
2019-04-23,37.556793212890625,0.002259165542106034,0.0022566174645970243
2019-04-24,37.048912048339844,-0.01352301730533434,-0.013615286082935593
2019-04-25,36.998130798339844,-0.0013706542835520974,-0.0013715944893642259
2019-04-26,37.14203643798828,0.0038895381075547686,0.0038819934114703394
2019-04-29,37.21820831298828,0.0020508265648593316,0.0020487264908280044
2019-04-30,37.18435287475586,-0.0009096471798887285,-0.0009100611599542408
2019-05-01,36.905025482177734,-0.007511960568977849,-0.007540317444516051
2019-05-02,36.98966598510742,0.0022934682153399333,0.002290842231419883
2019-05-03,37.42981719970703,0.011899302220701902,0.011829062179964506
2019-05-06,36.6595458984375,-0.020579082637773638,-0.020793782618902582
2019-05-07,35.94007110595703,-0.019625851189584265,-0.01982099567825336
2019-05-08,35.889286041259766,-0.0014130485314718388,-0.001414047826026722
2019-05-09,35.32217025756836,-0.015801812915403946,-0.015927992571264767
2019-05-10,35.533775329589844,0.005990715476384079,0.005972842486235029
2019-05-13,34.3487548828125,-0.033349128703207276,-0.03391789184698185
2019-05-14,34.83123016357422,0.014046368854061075,0.013948632776388638
2019-05-15,34.89894485473633,0.0019440798055110342,0.001942192527982164
2019-05-16,34.729652404785156,-0.004850933191700713,-0.004862737157085678
2019-05-17,34.10327911376953,-0.018035691337046633,-0.018200316845260894
2019-05-20,33.95938491821289,-0.0042193653893692895,-0.004228292030202264
2019-05-21,34.39107894897461,0.012712068601990367,0.012631948537971177
2019-05-22,34.2217903137207,-0.00492245781253553,-0.004934613013374927
2019-05-23,33.78164291381836,-0.01286161231973515,-0.012945038961548559
2019-05-24,33.81549835205078,0.0010021844798606683,0.0010016826282654304
2019-05-28,33.93400192260742,0.0035044159137596065,0.003498289756541275
2019-05-29,34.15407180786133,0.006485232297558596,0.006464293657787829
2019-05-30,34.340293884277344,0.005452412159336006,0.005437601571387962
2019-05-31,34.45879364013672,0.0034507496138123095,0.003444809438812323
2019-06-03,34.7719841003418,0.009088839948252936,0.009047785016084301
2019-06-04,34.84815979003906,0.0021907202498840928,0.002188324121137854
2019-06-05,34.5688362121582,-0.008015447001040843,-0.008047743392132352
2019-06-06,34.58576583862305,0.0004897366622624855,0.000489616780402068
2019-06-07,34.856624603271484,0.007831509815693138,0.007801002716941912
2019-06-10,35.22059631347656,0.010441966608864206,0.010387825840124274
2019-06-11,35.61842727661133,0.011295406801006935,0.011232090039876769
2019-06-12,35.237525939941406,-0.01069394035036575,-0.010751531482560814
2019-06-13,35.17826843261719,-0.001681659133084934,-0.001683074709038299
2019-06-14,34.788917541503906,-0.011067937919089776,-0.011129643267053856
2019-06-17,34.926231384277344,0.003947057065216697,0.003939287872400029
2019-06-18,35.77059555053711,0.024175644860437773,0.023888040092060362
2019-06-19,36.069114685058594,0.00834537781457212,0.008310747683426389
2019-06-20,36.5979118347168,0.0146606634034534,0.014554234825772103
2019-06-21,36.47850799560547,-0.003262586118316757,-0.0032679199569714905
2019-06-24,36.427330017089844,-0.0014029624929229323,-0.0014039475662562982
2019-06-25,36.05204772949219,-0.010302217796956059,-0.010355652960001845
2019-06-26,36.39320373535156,0.009462874575645541,0.009418382042637787
2019-06-27,36.649085998535156,0.007031045275495584,0.00700644273041803
2019-06-28,36.5979118347168,-0.0013963285147249316,-0.0013973042898262871
2019-07-01,37.03288650512695,0.011885231932755813,0.011815157253121886
2019-07-02,36.93906784057617,-0.0025333878453626113,-0.0025366023024755396
2019-07-03,36.87083435058594,-0.0018471903591266159,-0.0018488985190932437
2019-07-05,36.614967346191406,-0.006939550159392183,-0.0069637408174165515
2019-07-08,36.39320373535156,-0.00605663822510305,-0.006075054054728386
2019-07-09,36.28233337402344,-0.003046457853349893,-0.0030511077522915285
2019-07-10,36.589378356933594,0.008462658113658872,0.008427050571088151
2019-07-11,36.52115249633789,-0.0018646356855301915,-0.0018663762827063543
2019-07-12,36.54673767089844,0.000700557699079063,0.0007003124230808344
2019-07-15,36.68320083618164,0.00373393561176516,0.003726981778922613
2019-07-16,36.63202667236328,-0.001395029949727955,-0.0013960039099160757
2019-07-17,36.52115249633789,-0.00302670057043386,-0.00303129029208716
2019-07-18,36.7429084777832,0.006071987500053444,0.006053627268531664
2019-07-19,36.55526351928711,-0.005106970739933492,-0.0051200558843139815
2019-07-22,36.56378936767578,0.00023323175838063648,0.0002332045640823783
2019-07-23,36.60643768310547,0.0011664085196647633,0.001165728793754774
2019-07-24,36.6661376953125,0.0016308610175030935,0.0016295326077788604
2019-07-25,36.34203338623047,-0.008839335950114657,-0.00887863463437792
2019-07-26,36.41879653930664,0.0021122415540253403,0.0021100139081666313
2019-07-29,36.35056686401367,-0.001873474188509472,-0.001875231336267268
2019-07-30,36.069114685058594,-0.007742717741046068,-0.007772848208625874
2019-07-31,35.62560272216797,-0.012296169916095723,-0.012372393294968271
2019-08-01,34.926231384277344,-0.019631144021472036,-0.019826394480518476
2019-08-02,34.58506393432617,-0.009768229678073892,-0.009816251817018421
2019-08-05,33.30571365356445,-0.03699141002575812,-0.03769294720900552
2019-08-06,33.78334045410156,0.014340686571236105,0.014238831551275638
2019-08-07,33.93686294555664,0.004544325380246406,0.004534031108896221
2019-08-08,34.35477828979492,0.012314495447287577,0.012239288839704302
2019-08-09,34.00509262084961,-0.010178661786013787,-0.010230818590049717
2019-08-12,33.595703125,-0.012039064278231093,-0.012112120759094826
2019-08-13,34.02214813232422,0.01269343897157138,0.01261355258679019
2019-08-14,33.04131317138672,-0.028829307224302325,-0.029253035434010984
2019-08-15,33.2630729675293,0.00671159148525069,0.00668916902612927
2019-08-16,33.723636627197266,0.013846094740481707,0.013751113314360068
2019-08-19,33.86009979248047,0.0040465139270640105,0.004038348809013981
2019-08-20,33.92833709716797,0.0020152718127148805,0.0020132438765799363
2019-08-21,34.25243377685547,0.0095523891654139,0.009507053576166609
2019-08-22,33.80892562866211,-0.012948222922863906,-0.013032781879865615
2019-08-23,33.30571365356445,-0.014883997812431216,-0.014995876025895322
2019-08-26,33.48482894897461,0.005377914950967844,0.005363505604763763
2019-08-27,33.54454040527344,0.0017832391017980065,0.0017816510186252999
2019-08-28,33.638343811035156,0.0027963836925002372,0.002792481085387432
2019-08-29,34.01362228393555,0.011156270802407331,0.011094498620155945
2019-08-30,34.27802658081055,0.007773482479102922,0.007743424633112915
2019-09-03,34.06479263305664,-0.0062207183150175815,-0.006240147601181736
2019-09-04,34.63623809814453,0.016775251540306124,0.016636101041728392
2019-09-05,35.02857208251953,0.011327268950608538,0.011263595816991028
2019-09-06,35.182098388671875,0.004382887940469482,0.004373311059853152
2019-09-09,35.2929801940918,0.003151654122359737,0.003146698070949177
2019-09-10,35.31855773925781,0.0007247204692082398,0.0007244579861392411
2019-09-11,35.56590270996094,0.007003257962263643,0.006978849046249857
2019-09-12,35.8217658996582,0.007194058640485723,0.00716830484307775
2019-09-13,36.02647018432617,0.005714522428664548,0.0056982564840208005
2019-09-16,35.7450065612793,-0.007812689436594633,-0.007843368389265483
2019-09-17,35.7450065612793,0.0,0.0
2019-09-18,35.60001754760742,-0.004056203302783334,-0.0040644520085745695
2019-09-19,35.45502471923828,-0.004072830250020032,-0.0040811468121207456
2019-09-20,35.489139556884766,0.0009622003627591802,0.0009617377447205138
2019-09-23,35.523258209228516,0.0009613829123431561,0.0009609210797660136
2019-09-24,35.14797592163086,-0.010564410657020296,-0.010620610203781026
2019-09-25,35.12239074707031,-0.0007279273952387477,-0.0007281924630263261
2019-09-26,35.113868713378906,-0.00024263820059333696,-0.00024266764200403412
2019-09-27,34.661827087402344,-0.012873592188499816,-0.012957174991925202
2019-09-30,34.85799026489258,0.005659343259534211,0.005643389340636395
2019-10-01,34.610652923583984,-0.007095570898638437,-0.007120864179689059
2019-10-02,34.346256256103516,-0.007639170172958676,-0.007668498089526622
2019-10-03,34.78976058959961,0.012912741644652392,0.012830083002264276
2019-10-04,34.94328308105469,0.004412864269637273,0.004403156134084354
2019-10-07,34.65329360961914,-0.008298861637095922,-0.008333488900322128
2019-10-08,34.40595626831055,-0.007137484364254987,-0.007163078061568661
2019-10-09,34.67036056518555,0.00768484081108145,0.0076554628359829
2019-10-10,35.02857208251953,0.01033192362278701,0.010278914114059406
2019-10-11,35.59149169921875,0.016070298708525943,0.015942538404908828
2019-10-14,35.43796920776367,-0.0043134604402784715,-0.004322790249605156
2019-10-15,35.7535400390625,0.008904879098706742,0.008865464478295258
2019-10-16,35.85588073730469,0.0028623934337794754,0.0028583045864294695
2019-10-17,35.99235534667969,0.003806198776007408,0.0037989735294591434
2019-10-18,35.804710388183594,-0.005213467045673714,-0.005227104584883029
2019-10-21,36.12881088256836,0.009051895431382295,0.00901117258739972
2019-10-22,36.15440368652344,0.0007083765928046493,0.0007081258125302949
2019-10-23,36.16292953491211,0.0002358177018377816,0.00023578990121403184
2019-10-24,36.16292953491211,0.0,0.0
2019-10-25,36.41879653930664,0.00707539482241093,0.00705048166107192
2019-10-28,36.63202667236328,0.005854947261272114,0.005837873668464666
2019-10-29,36.44438934326172,-0.005122220803664201,-0.005135384346935099
2019-10-30,36.60643768310547,0.004446455072067534,0.004436598796902972
2019-10-31,36.316463470458984,-0.007921399376708882,-0.007952940336865992
2019-11-01,36.862308502197266,0.015030236415566556,0.014918401622036922
2019-11-04,37.22905349731445,0.009949051212984283,0.009899885237229476
2019-11-05,37.44227981567383,0.005727417119931744,0.0057110778247851934
2019-11-06,37.322872161865234,-0.003189112799659388,-0.0031942088573700842
2019-11-07,37.59579849243164,0.0073125757680907455,0.007285968518855669
2019-11-08,37.254642486572266,-0.00907431201196729,-0.009115734357820168
2019-11-11,36.990230560302734,-0.007097422190129321,-0.0071227287027614845
2019-11-12,36.751434326171875,-0.006455656818401434,-0.006476584688265724
2019-11-13,36.469970703125,-0.007658575187810768,-0.007688052674913274
2019-11-14,36.495567321777344,0.000701854653536893,0.0007016084687434412
2019-11-15,36.785545349121094,0.007945568424434946,0.007914168612213536
2019-11-18,36.72584533691406,-0.0016229204063834546,-0.0016242387682968954
2019-11-19,36.80260467529297,0.002090063215012039,0.0020878820715137815
2019-11-20,36.64055252075195,-0.0044032794953180465,-0.004413002482994376
2019-11-21,36.56378936767578,-0.0020950326290165577,-0.002097230279844821
2019-11-22,36.56378936767578,0.0,0.0
2019-11-25,36.9305419921875,0.010030487289589995,0.00998051583283462
2019-11-26,36.819664001464844,-0.0030023385723966234,-0.003006854632273964
2019-11-27,36.862308502197266,0.0011581990734821357,0.0011575288783648896
2019-11-29,36.28233337402344,-0.015733554184194865,-0.01585864031560766
2019-12-02,36.2738037109375,-0.0002350913596985693,-0.00023511899800404118
2019-12-03,36.0861701965332,-0.005172700274267639,-0.005186125003074566
2019-12-04,36.35910415649414,0.007563395020155239,0.007534935956054249
2019-12-05,36.52115249633789,0.004456884832648056,0.004446982333406137
2019-12-06,36.73436737060547,0.005838120094620702,0.005821144310567219
2019-12-09,36.589378356933594,-0.003946958231486941,-0.003954768027860966
2019-12-10,36.71731185913086,0.003496465584882591,0.0034903671602431402
2019-12-11,37.254642486572266,0.014634258343936501,0.014528210949956504
2019-12-12,37.9028434753418,0.017399200354778932,0.017249567436864417
2019-12-13,37.885780334472656,-0.0004501810234960324,-0.00045028238539493416
2019-12-16,38.20723342895508,0.008484795394063216,0.008449001842418234
2019-12-17,38.5556755065918,0.009119793462267767,0.009078459262051579
2019-12-18,38.76474380493164,0.00542250383614995,0.005407854993965015
2019-12-19,38.78217315673828,0.0004496186507603195,0.00044951760258239276
2019-12-20,38.86057662963867,0.002021636915072289,0.002019596157148931
2019-12-23,38.91283416748047,0.0013447442723208969,0.0013438409135089631
2019-12-24,38.82571792602539,-0.0022387534426335787,-0.0022412631976367983
2019-12-26,39.104488372802734,0.007180046156737729,0.0071543923491523675
2019-12-27,39.26128387451172,0.0040096548563473,0.004001637614084427
2019-12-30,38.99995040893555,-0.006656263875920443,-0.006678515597500204
2019-12-31,39.087059020996094,0.0022335569955131973,0.0022310663151153634
2020-01-02,39.87977600097656,0.020280803924251467,0.020077887373600792
2020-01-03,39.13932418823242,-0.01856710059570066,-0.018741632957402467
2020-01-06,39.04350280761719,-0.002448212446244602,-0.002451214218654146
2020-01-07,39.017372131347656,-0.0006692707977121737,-0.0006694948593900451
2020-01-08,39.243858337402344,0.00580475295189653,0.005787970288304809
2020-01-09,39.505191802978516,0.00665921947147341,0.006637144815284367
2020-01-10,39.714271545410156,0.005292462405305454,0.00527850654507085
2020-01-13,40.332759857177734,0.015573452255328135,0.015453430545455617
2020-01-14,40.106266021728516,-0.0056156294845990384,-0.005631456411770609
2020-01-15,39.792667388916016,-0.007819192957095544,-0.007849923141323059
2020-01-16,40.0452880859375,0.006348423305039708,0.0063283569475199326
2020-01-17,40.27177810668945,0.005655846956723165,0.005639912707209614
2020-01-21,39.252567291259766,-0.02530831424253377,-0.025634077728225266
2020-01-22,39.57489013671875,0.008211509913919723,0.008177978901485567
2020-01-23,39.165462493896484,-0.01034564193123022,-0.01039953007857779
2020-01-24,38.85186004638672,-0.00800711717775926,-0.008039346297355733
2020-01-27,37.510337829589844,-0.03452916321625732,-0.03513938286883257
2020-01-28,37.823936462402344,0.008360325471798769,0.00832557151935105
2020-01-29,38.00688171386719,0.004836758639511052,0.004825099103568717
2020-01-30,37.440643310546875,-0.014898312563056515,-0.015010407161922508
2020-01-31,36.682769775390625,-0.020242000888450518,-0.020449677494235433
2020-02-03,37.09220504760742,0.011161514649078441,0.011099684597067038
2020-02-04,38.0504264831543,0.025833498825885703,0.025505451733338944
2020-02-05,38.26821517944336,0.005723686077092616,0.005707368022609837
2020-02-06,38.30305480957031,0.0009104064551634927,0.0009099922865621413
2020-02-07,37.77167510986328,-0.013873037081477468,-0.013970167031637941
2020-02-10,37.980735778808594,0.005534852990693118,0.005519591977624716
2020-02-11,38.477272033691406,0.013073371136739675,0.012988652196209378
2020-02-12,38.99995040893555,0.013584080877315774,0.013492644373949066
2020-02-13,38.48598861694336,-0.013178524244339296,-0.01326613153612131
2020-02-14,38.503414154052734,0.0004527761332264735,0.0004526736610432029
2020-02-18,38.25078582763672,-0.0065611928699425,-0.0065828121131170664
2020-02-19,38.529537200927734,0.00728746788489798,0.007261042595446536
2020-02-20,37.9284782409668,-0.015599952753817758,-0.01572291247033468
2020-02-21,37.710693359375,-0.005741988386883556,-0.005758536980494407
2020-02-24,36.29948043823242,-0.03742208894686749,-0.03814026954748375
2020-02-25,36.01200866699219,-0.0079194458920534,-0.007950971256259909
2020-02-26,36.29948043823242,0.007982664169014386,0.007950971256259952
2020-02-27,35.42835998535156,-0.023998152104770964,-0.02429079923556127
2020-02-28,35.29769515991211,-0.0036881420842929113,-0.0036949600492212145
2020-03-02,36.06427764892578,0.021717635826950188,0.021485167723926116
2020-03-03,35.82035827636719,-0.006763462031128764,-0.006786437896649494
2020-03-04,36.45627212524414,0.017752861207323667,0.017597119703630416
2020-03-05,35.689697265625,-0.021027242088428655,-0.021251463282536687
2020-03-06,34.95795822143555,-0.02050280894072576,-0.020715909330827374
2020-03-09,32.57109451293945,-0.06827812120424459,-0.0707209221399327
2020-03-10,34.22622299194336,0.050815869216380705,0.049566880748312454
2020-03-11,32.632083892822266,-0.04657654160368041,-0.04769613152531197
2020-03-12,29.36538314819336,-0.10010702213680711,-0.10547943621393657
2020-03-13,31.482202529907227,0.0720855359193262,0.06960585043500087
2020-03-16,27.553457260131836,-0.12479257974543523,-0.13329436899733943
2020-03-17,29.452491760253906,0.0689218228476125,0.0666504982626297
2020-03-18,26.908832550048828,-0.08636482206363749,-0.09032393607522367
2020-03-19,27.117897033691406,0.007769362838530025,0.007739336761121036
2020-03-20,27.318254470825195,0.007388384021255856,0.00736122361101467
2020-03-23,26.664920806884766,-0.023915644560605576,-0.024206266550402616
2020-03-24,28.668489456176758,0.0751387436625981,0.0724497171237854
2020-03-25,29.678983688354492,0.03524755755696152,0.034640584162284146
2020-03-26,30.802732467651367,0.03786345216860698,0.03716422711985867
2020-03-27,29.05177879333496,-0.05684410226122749,-0.05852368897476161
2020-03-30,29.530895233154297,0.016491810819145192,0.016357297801126998
2020-03-31,29.731258392333984,0.006784865734606571,0.006761952118570765
2020-04-01,28.459413528442383,-0.04277803674194758,-0.04371997789351082
2020-04-02,29.41765022277832,0.03367028956440987,0.03311585634352139
2020-04-03,28.860136032104492,-0.018951690106171037,-0.01913357506983805
2020-04-06,30.436861038208008,0.05463331857997966,0.053193141186168906
2020-04-07,30.59365463256836,0.005151437730833264,0.005138214468585709
2020-04-08,30.907264709472656,0.01025082098463792,0.01019863763104074
2020-04-09,30.794017791748047,-0.0036640873525731754,-0.0036708165632762736
2020-04-13,30.837568283081055,0.0014142516779567238,0.0014132525659387193
2020-04-14,31.543180465698242,0.022881576658050573,0.02262371942611565
2020-04-15,30.7330322265625,-0.025683784170614676,-0.026019371120232667
2020-04-16,30.898550033569336,0.0053856647071675035,0.005371213876664148
2020-04-17,31.586727142333984,0.022272148952523274,0.022027746892673387
2020-04-20,31.186016082763672,-0.012686058222007524,-0.012767213348267322
2020-04-21,30.323617935180664,-0.02765336057335166,-0.02804291317271641
2020-04-22,31.151180267333984,0.027291015667137986,0.026925255623271013
2020-04-23,31.03792953491211,-0.0036355197925079796,-0.0036421443552819505
2020-04-24,30.994375228881836,-0.0014032606775938872,-0.001404246169901487
2020-04-27,31.62158203125,0.02023614922825434,0.02003411935105605
2020-04-28,31.68255615234375,0.0019282438504655275,0.0019263871746581114
2020-04-29,32.60593795776367,0.02914480135314501,0.02872816741152792
2020-04-30,31.917762756347656,-0.021105824414787477,-0.0213317366913742
2020-05-01,30.767881393432617,-0.036026377277535104,-0.03669134706704108
2020-05-04,31.098907470703125,0.010758819336230463,0.010701355037386747
2020-05-05,31.27313232421875,0.0056022821277486035,0.005586647710327679
2020-05-06,31.17731285095215,-0.0030639550996430787,-0.003068658620110191
2020-05-07,31.429929733276367,0.008102586760183383,0.008069937050246256
2020-05-08,32.09199142456055,0.021064688877850735,0.020845895527922167
2020-05-11,31.882905960083008,-0.006515191335789816,-0.006536507832675451
2020-05-12,31.760953903198242,-0.003824998167903715,-0.0038323321810939883
2020-05-13,31.699974060058594,-0.0019199625844206203,-0.0019218080751438294
2020-05-14,31.821931838989258,0.0038472516948941937,0.0038398699489909888
2020-05-15,31.386375427246094,-0.013687302642308663,-0.013781837377293264
2020-05-18,32.61465072631836,0.03913402813648936,0.03838770104163568
2020-05-19,32.35332107543945,-0.008012646005987278,-0.008044919768427104
2020-05-20,32.78017044067383,0.01319337091357875,0.013107096401494947
2020-05-21,32.40558624267578,-0.011427158338788268,-0.011492950000675505
2020-05-22,31.734827041625977,-0.020698875682318763,-0.02091610017304798
2020-05-26,32.43171691894531,0.021959781800771738,0.021722138561756067
2020-05-27,32.5362548828125,0.003223324997823962,0.003218141222145309
2020-05-28,32.30976486206055,-0.0069611583007237465,-0.006985500194124917
2020-05-29,32.867279052734375,0.017255284681086724,0.017108102952362834
2020-06-01,33.625152587890625,0.023058602871879552,0.022796770638503914
2020-06-02,34.42657470703125,0.02383400691032822,0.02355441085063262
2020-06-03,35.228004455566406,0.023279392601654125,0.023012560729016546
2020-06-04,34.73147201538086,-0.014094821658485635,-0.014195097014575771
2020-06-05,35.64615249633789,0.026335782156079235,0.02599496626304006
2020-06-08,35.863929748535156,0.0061094181824992155,0.006090831351965077
2020-06-09,35.6200065612793,-0.006801351356813368,-0.006824585958005394
2020-06-10,35.88134002685547,0.0073367045883774296,0.007309921889323772
2020-06-11,34.00843811035156,-0.052197100640670846,-0.0536087104120438
2020-06-12,34.73147201538086,0.021260426682436107,0.02103757686572032
2020-06-15,34.416053771972656,-0.009081626119057717,-0.009123115470422502
2020-06-16,34.63508605957031,0.006364247599358164,0.006344081292626451
2020-06-17,34.968040466308594,0.009613211474792438,0.009567298569819086
2020-06-18,34.98556137084961,0.0005010548005370818,0.0005009293144956837
2020-06-19,34.97679901123047,-0.0002504564533425402,-0.00025048782279794835
2020-06-22,35.406124114990234,0.012274568167942368,0.012199846485630644
2020-06-23,35.747833251953125,0.009651130856715762,0.009604856190317647
2020-06-24,35.274696350097656,-0.013235400828933264,-0.013323769341061564
2020-06-25,35.42364501953125,0.00422253583575305,0.004213645947771934
2020-06-26,34.99431610107422,-0.012119840242874935,-0.012193884383582316
2020-06-29,35.15202713012695,0.00450676128652483,0.004496636247237152
2020-06-30,35.03813552856445,-0.003239972509718747,-0.0032452325853906004
2020-07-01,35.43240737915039,0.01125264928165226,0.011189809195935924
2020-07-02,36.238487243652344,0.02274979105642916,0.022494873531509554
2020-07-06,37.79808044433594,0.043036928947876474,0.04213658186152137
2020-07-07,37.16722869873047,-0.016690047171429856,-0.016830895383558395
2020-07-08,38.13101577758789,0.025931098782469686,0.025600589310789464
2020-07-09,38.13101577758789,0.0,0.0
2020-07-10,37.88568878173828,-0.006433791254881971,-0.006454577293157138
2020-07-13,37.6316032409668,-0.006706636435601987,-0.006729226982785658
2020-07-14,37.684165954589844,0.001396770509257017,0.0013957959327302002
2020-07-15,37.79808044433594,0.0030228741133175863,0.003018314415981442
2020-07-16,37.26360321044922,-0.014140327434717936,-0.014241254421448558
2020-07-17,37.4738883972168,0.005643179098381301,0.005627316014049694
2020-07-20,37.95577621459961,0.012859295845546681,0.012777317144972329
2020-07-21,38.306251525878906,0.009233780631905164,0.009191409907787412
2020-07-22,38.13977813720703,-0.004345854319872777,-0.004355324993496316
2020-07-23,37.8331184387207,-0.008040416422537278,-0.008072914888685518
2020-07-24,37.79808044433594,-0.0009261196494155799,-0.0009265487631790128
2020-07-27,38.38510513305664,0.01553054234024387,0.015411177745791172
2020-07-28,38.06968307495117,-0.00821730348300731,-0.00825125162396992
2020-07-29,38.68301010131836,0.016110641771292844,0.015982242608376728
2020-07-30,38.192352294921875,-0.012684064789977745,-0.012765194304543726
2020-07-31,37.92950439453125,-0.006882212919510966,-0.006906004569147085
2020-08-03,38.192352294921875,0.006929906008171338,0.006906004569147023
2020-08-04,38.70052719116211,0.013305671573096589,0.013217928587721884
2020-08-05,39.12109375,0.010867204902933025,0.010808581166756741
2020-08-06,39.24375915527344,0.003135531078382492,0.0031306255524218966
2020-08-07,38.43767547607422,-0.020540429779161484,-0.020754318385262826
2020-08-10,38.534061431884766,0.0025075906546572213,0.002504451895265693
2020-08-11,38.42892074584961,-0.0027285129604365244,-0.0027322421368729507
2020-08-12,38.94586181640625,0.013451875840475358,0.01336220264538502
2020-08-13,38.83195114135742,-0.0029248466906653947,-0.0029291324135088874
2020-08-14,38.76186752319336,-0.001804792602590144,-0.0018064232029850371
2020-08-17,39.25252151489258,0.012658161823746905,0.012578717007808061
2020-08-18,39.208717346191406,-0.0011159580839806837,-0.0011165812288487925
2020-08-19,38.726810455322266,-0.01229080988837683,-0.012366966553659889
2020-08-20,38.60415267944336,-0.00316725737123158,-0.003172283746882251
2020-08-21,38.79690933227539,0.004993158493404204,0.004980734018618601
2020-08-24,39.226234436035156,0.011065961468291752,0.011005181696689813
2020-08-25,39.620513916015625,0.01005142312661711,0.010001243543844665
2020-08-26,39.72564697265625,0.00265350057961089,0.0026499862624036357
2020-08-27,39.39270782470703,-0.00838096225791829,-0.00841627999160271
2020-08-28,39.9096565246582,0.013122954183589775,0.013037594192836637
2020-08-31,39.02471923828125,-0.02217351296496861,-0.022423040807020997
2020-09-01,39.690608978271484,0.017063280735586384,0.016919338076168394
2020-09-02,39.58546447753906,-0.0026491027333438444,-0.002652617815237499
2020-09-03,38.83195114135742,-0.01903510154868049,-0.01921860145213244
2020-09-04,38.849483489990234,0.00045149285877998935,0.00045139096654714806
2020-09-08,38.17481994628906,-0.017366087862532353,-0.017518647185425423
2020-09-09,38.74433898925781,0.014918709342180314,0.01480851996838102
2020-09-10,38.12225341796875,-0.016056166849601983,-0.016186463690725673
2020-09-11,38.4902458190918,0.009652955114914485,0.009606663009024545
2020-09-14,39.112327575683594,0.016162062448643377,0.016032846719975267
2020-09-15,39.52413558959961,0.01052885469726017,0.010473812324969557
2020-09-16,39.47156524658203,-0.0013300820431202398,-0.001330967387381702
2020-09-17,39.31385803222656,-0.003995463908518904,-0.004003467099193691
2020-09-18,39.00719451904297,-0.0078003922416419735,-0.00783097444044504
2020-09-21,38.64796829223633,-0.009209230021176462,-0.009251897136178525
2020-09-22,38.35881423950195,-0.00748174006322766,-0.007509868668850051
2020-09-23,37.763023376464844,-0.015532045889561474,-0.015653931853821617
2020-09-24,37.587791442871094,-0.004640304666468031,-0.004651104302184617
2020-09-25,37.622840881347656,0.0009324686854728093,0.0009320342066190887
2020-09-28,38.04339599609375,0.011178186040559979,0.011116171828639686
2020-09-29,38.017120361328125,-0.0006906753216332495,-0.000690913947714963
2020-09-30,38.630435943603516,0.016132615422899566,0.016003867629426537
2020-10-01,38.98966598510742,0.009299145420681887,0.009256174557356342
2020-10-02,38.54282760620117,-0.011460431055678288,-0.011526607891561912
2020-10-05,39.05976486206055,0.013412022105409926,0.01332287712864859
2020-10-06,39.12985610961914,0.001794461584859075,0.0017928534621914662
2020-10-07,39.55918502807617,0.010971901283109764,0.010912146658145239
2020-10-08,39.88336181640625,0.008194728685638974,0.008161334211581422
2020-10-09,40.15497970581055,0.006810305777497527,0.006787220398165621
2020-10-12,40.50545120239258,0.008727970955276554,0.008690102401018602
2020-10-13,40.33897018432617,-0.004110089213290147,-0.004118558845222119
2020-10-14,40.06735610961914,-0.006733292234925914,-0.006756063119996135
2020-10-15,39.77822494506836,-0.007216127856296661,-0.007242290042681513
2020-10-16,39.91840744018555,0.0035241013220366213,0.003517906227466918
2020-10-19,39.80451583862305,-0.002853109852469893,-0.002857187728651134
2020-10-20,40.24259567260742,0.011005782252457408,0.010945659361699485
2020-10-21,40.356502532958984,0.002830504803374323,0.002826506467748522
2020-10-22,40.34773635864258,-0.00021721838529609183,-0.00021724198062650205
2020-10-23,40.58430480957031,0.005863239732334158,0.005846117836177324
2020-10-26,40.05860137939453,-0.012953367875647714,-0.013037994338129943
2020-10-27,40.233829498291016,0.004374294480151697,0.0043647550627490305
2020-10-28,39.226234436035156,-0.025043478953417964,-0.025362402777000262
2020-10-29,39.620513916015625,0.01005142312661711,0.010001243543844665
2020-10-30,39.173667907714844,-0.011278147710248487,-0.011342228280460777
2020-11-02,39.67308044433594,0.012748679490457882,0.012668099214804565
2020-11-03,39.84831619262695,0.004416993748112885,0.004407267461341997
2020-11-04,41.10124206542969,0.0314423793152534,0.030958190907567098
2020-11-05,41.80217361450195,0.017053780222905157,0.01690999691005397
2020-11-06,41.994937896728516,0.004611345907612918,0.004600746225449048
2020-11-09,42.28407669067383,0.006885086832521203,0.006861492857975072
2020-11-10,41.80217361450195,-0.01139679789385506,-0.011462239083424306
2020-11-11,42.07380294799805,0.006497971517008816,0.006476950712676562
2020-11-12,41.758365631103516,-0.007497238062468492,-0.007525483616067601
2020-11-13,42.34540557861328,0.014058020198772114,0.01396012266297836
2020-11-16,42.87111282348633,0.01241474104899254,0.01233831008163623
2020-11-17,42.82730484008789,-0.001021853190021127,-0.001022375637932472
2020-11-18,42.67835235595703,-0.0034779794032575584,-0.003484041633912712
2020-11-19,42.748443603515625,0.0016423138122578784,0.0016409666896592637
2020-11-20,42.985015869140625,0.005534055644672575,0.005518799020190867
2020-11-23,43.098915100097656,0.002649742675535416,0.002646238296515565
2020-11-24,43.677188873291016,0.013417362637790697,0.013328146967758862
2020-11-25,43.431861877441406,-0.0056168220111718625,-0.0056326556736689855
2020-11-27,43.843666076660156,0.009481615141915922,0.009436946759366122
2020-11-30,42.69587326049805,-0.026179216267070538,-0.026527992543928933
2020-12-01,43.53700256347656,0.01970048247629408,0.019508939543068888
2020-12-02,43.598331451416016,0.0014086612382200325,0.0014076700057426548
2020-12-03,44.097755432128906,0.011455116837886914,0.011390003767096623
2020-12-04,44.55336380004883,0.010331781367447501,0.010278773313451015
2020-12-07,44.55336380004883,0.0,0.0
2020-12-08,44.57088088989258,0.00039317098305668985,0.0003930937115989975
2020-12-09,44.18537139892578,-0.008649357680839964,-0.0086869804740754
2020-12-10,44.7548828125,0.012889139449172138,0.012806781419121725
2020-12-11,44.43946075439453,-0.007047768607213789,-0.0070727214386898316
2020-12-14,44.208412170410156,-0.005199176139002226,-0.005212738885761771
2020-12-15,44.686439514160156,0.010813040330590162,0.01075499744847733
2020-12-16,44.898895263671875,0.0047543673611407655,0.00474310105197459
2020-12-17,45.191017150878906,0.006506215475715393,0.006485141414673004
2020-12-18,45.137901306152344,-0.0011753628945598837,-0.001176054175250375
2020-12-21,44.47398376464844,-0.014708648880257358,-0.014817893607851232
2020-12-22,44.11989974975586,-0.007961598780229617,-0.00799346153948549
2020-12-23,44.57135772705078,0.010232525002449089,0.010180527130673916
2020-12-24,44.37661361694336,-0.004369265825376223,-0.004378838962533466
2020-12-28,44.50054168701172,0.0027926436915195474,0.002788751506765263
2020-12-29,45.164459228515625,0.0149193137057404,0.014809115447974194
2020-12-30,45.766414642333984,0.013328077521590265,0.013240040080244493
2020-12-31,45.739864349365234,-0.0005801261290891979,-0.0005802944673601253
2021-01-04,46.0319938659668,0.006386759575197853,0.006366450652532752
2021-01-05,47.13853454589844,0.024038512934147382,0.023754136197320225
2021-01-06,46.740177154541016,-0.008450780135507707,-0.008486690434438783
2021-01-07,47.18278503417969,0.009469537913286974,0.009424982895247055
2021-01-08,48.43096923828125,0.026454229083708425,0.026110367182873163
2021-01-11,47.7758903503418,-0.013526032995880288,-0.013618343118435043
2021-01-12,48.24506759643555,0.009820376818794108,0.009772470303050928
2021-01-13,48.35129165649414,0.002201760000569264,0.00219933967901293
2021-01-14,48.802764892578125,0.009337356265297414,0.009294032630950253
2021-01-15,48.112274169921875,-0.014148598428308734,-0.014249644082286128
2021-01-19,48.90898895263672,0.0165594912412792,0.016423877943094314
2021-01-20,49.76765823364258,0.01755647171192587,0.017404137248500987
2021-01-21,49.85618209838867,0.001778742819895207,0.0017771627303233882
2021-01-22,49.42242431640625,-0.008700180473635633,-0.008738248000838028
2021-01-25,49.79421615600586,0.007522735777172107,0.007494581112291256
2021-01-26,49.431278228759766,-0.0072887567124062524,-0.007315449483445193
2021-01-27,48.059173583984375,-0.027757822454550274,-0.02815035170202129
2021-01-28,48.39555740356445,0.006999367539940016,0.006974985672613328
2021-01-29,47.191646575927734,-0.02487647404486859,-0.02519112272189234
2021-02-01,48.466373443603516,0.02701170567602129,0.02665332881332629
2021-02-02,49.094879150390625,0.012967871580456647,0.012884508653467975
2021-02-03,49.342750549316406,0.005048823893964327,0.005036121320040275
2021-02-04,49.36045455932617,0.00035879657726156644,0.0003587322251620543
2021-02-05,49.78536605834961,0.008608338452652076,0.008571497979726221
2021-02-08,49.8738899230957,0.0017781101507285957,0.001776531184314925
2021-02-09,50.405025482177734,0.010649571547377334,0.010593264273093699
2021-02-10,50.58207702636719,0.0035125772181596737,0.003506422527143657
2021-02-11,51.12206268310547,0.01067543462987497,0.010618854499722278
2021-02-12,51.16632843017578,0.0008658834316741526,0.0008655087708749825
2021-02-16,51.290260314941406,0.002422137537868352,0.0024192088908461303
2021-02-17,51.30795669555664,0.00034502419185566957,0.00034496468469639963
2021-02-18,50.59977340698242,-0.013802601666176861,-0.013898743267155483
2021-02-19,50.92731475830078,0.0064731782232281265,0.006452317181505345
2021-02-22,49.431278228759766,-0.029375916178599915,-0.029816028985464798
2021-02-23,49.65258026123047,0.004476963582583426,0.004466971791945927
2021-02-24,49.333892822265625,-0.006418345980977791,-0.006439032124934974
2021-02-25,48.209659576416016,-0.02278825329879941,-0.023051918895933013
2021-02-26,47.563438415527344,-0.013404391704205265,-0.013495041544732914
2021-03-01,48.838165283203125,0.026800561736925133,0.026447717090005554
2021-03-02,48.360145568847656,-0.009787831127224478,-0.009836046822333439
2021-03-03,48.26276779174805,-0.002013595615856456,-0.0020156256250447144
2021-03-04,47.13853454589844,-0.02329400689783545,-0.02356960047487385
2021-03-05,47.65196228027344,0.010891890028424278,0.010833000619652358
2021-03-08,46.36837387084961,-0.02693673771237748,-0.027306181142354693
2021-03-09,47.386390686035156,0.02195498203195645,0.02171744191892122
2021-03-10,47.17393493652344,-0.004483476087456695,-0.004493557009369884
2021-03-11,48.66112518310547,0.03152567723220834,0.031038946318913227
2021-03-12,47.793601989746094,-0.017827849029281584,-0.017988679504564523
2021-03-15,47.90867614746094,0.002407731431071758,0.0024048374900406838
2021-03-16,48.112274169921875,0.0042497108839800735,0.004240706364736187
2021-03-17,48.17423629760742,0.0012878652849939165,0.0012870366978272381
2021-03-18,47.28901672363281,-0.01837537327018457,-0.018546297544585207
2021-03-19,47.873268127441406,0.012354907001409732,0.012279208002880914
2021-03-22,47.731624603271484,-0.002958718502209967,-0.002963104162556837
2021-03-23,46.81984329223633,-0.019102247589801613,-0.019287052769168176
2021-03-24,45.748714447021484,-0.022877668311044097,-0.023143423222952406
2021-03-25,45.96116256713867,0.004643805245351906,0.0046330560470495405
2021-03-26,47.15623092651367,0.026001699970693348,0.025669403638719133
2021-03-29,46.828697204589844,-0.006945714606289122,-0.006969948361006657
2021-03-30,46.979183197021484,0.0032135421528851627,0.003208389761634349
2021-03-31,47.21819305419922,0.005087569449119034,0.005074671495329691
2021-04-01,47.67851257324219,0.009748774556336715,0.009701561849692309
2021-04-05,47.864410400390625,0.0038989854572930582,0.0038914041134715496
2021-04-06,48.12998962402344,0.005548574011697172,0.005533237379719962
2021-04-07,47.42179870605469,-0.014714129869981663,-0.014823456434484173
2021-04-08,47.811302185058594,0.008213595638121074,0.008180047636094761
2021-04-09,47.40409851074219,-0.008516891523687953,-0.00855336749992067
2021-04-12,47.12081527709961,-0.00597592281136583,-0.005993850095146777
2021-04-13,47.31556701660156,0.004133029922268827,0.004124512414776547
2021-04-14,47.554588317871094,0.005051641908585092,0.005038925174542783
2021-04-15,47.988346099853516,0.009121260373090356,0.00907991291479519
2021-04-16,48.112274169921875,0.0025824617879202094,0.0025791329632871307
2021-04-19,47.93523025512695,-0.003679807655103562,-0.003686594802673757
2021-04-20,47.545738220214844,-0.008125381537526954,-0.00815857236445064
2021-04-21,47.837860107421875,0.006144018331443846,0.0061252208064146935
2021-04-22,47.6696662902832,-0.003515914314749513,-0.0035221096672990266
2021-04-23,48.360145568847656,0.014484667762509451,0.01438076707195267
2021-04-26,48.4221076965332,0.0012812642922535034,0.001280444173611277
2021-04-27,48.39555740356445,-0.0005483093205100875,-0.0005484596970366464
2021-04-28,48.75850296020508,0.007499563516007557,0.007471581603875195
2021-04-29,48.6434211730957,-0.002360240370860023,-0.002363030128694663
2021-04-30,47.78474807739258,-0.01765239933777618,-0.01781006109991266
2021-05-03,47.78474807739258,0.0,0.0
2021-05-04,47.244754791259766,-0.0113005364234261,-0.011364872633486536
2021-05-05,47.466064453125,0.004684322372780603,0.0046733850773132204
2021-05-06,47.91752624511719,0.009511253928330854,0.009466306730737105
2021-05-07,48.41325378417969,0.010345432619510708,0.01029228487479186
2021-05-10,47.545738220214844,-0.017918968384817102,-0.018081457112266726
2021-05-11,47.4129524230957,-0.002792801249696164,-0.0027967083953894657
2021-05-12,46.102813720703125,-0.027632506212677543,-0.028021465947832565
2021-05-13,46.04084014892578,-0.001344247059469894,-0.0013451513700504145
2021-05-14,46.872955322265625,0.018073414182891767,0.01791203162130448
2021-05-17,46.828697204589844,-0.0009442143635171041,-0.0009446604146999666
2021-05-18,47.457210540771484,0.013421542210233284,0.013332271195325833
2021-05-19,47.31556701660156,-0.002984657601150631,-0.0029891205741584682
2021-05-20,47.589996337890625,0.005799979554145018,0.005783224427774272
2021-05-21,47.04115295410156,-0.011532746922110593,-0.01159976481308491
2021-05-24,47.4306526184082,0.0082799769956039,0.008245886038366585
2021-05-25,47.89982223510742,0.009891696419904061,0.009843093836062971
2021-05-26,48.25392150878906,0.007392496613945809,0.00736530603281
2021-05-27,48.26276779174805,0.00018332775207441365,0.00018331094959561574
2021-05-28,48.572593688964844,0.006419563390017036,0.006399045755646062
2021-06-01,49.57291030883789,0.020594259929345826,0.020385065420028832
2021-06-02,49.65258026123047,0.0016071267935700018,0.0016058367472983623
2021-06-03,49.12144088745117,-0.010697115255337897,-0.010754740711934961
2021-06-04,49.56406021118164,0.009010715397062885,0.008970361133776663
2021-06-07,49.31618881225586,-0.005001030946005125,-0.005013577950719378
2021-06-08,49.077178955078125,-0.004846478670272547,-0.004858260931757206
2021-06-09,48.935543060302734,-0.0028859828089351502,-0.0028901552870556207
2021-06-10,49.32763671875,0.008012451357985118,0.007980522110568556
2021-06-11,49.158714294433594,-0.0034244986290250523,-0.0034303756455143705
2021-06-14,49.292076110839844,0.002712882513718373,0.0027092092898019916
2021-06-15,48.95421600341797,-0.006854247864548246,-0.006877846115434939
2021-06-16,48.287384033203125,-0.013621543242941181,-0.013715167641126328
2021-06-17,48.554115295410156,0.005523829206063979,0.005508628812077297
2021-06-18,48.21625518798828,-0.006958423716842299,-0.006982746444723141
2021-06-21,48.420745849609375,0.004241114554081715,0.004232146375524848
2021-06-22,48.1984748840332,-0.004590407720412415,-0.00460097599613074
2021-06-23,48.49188232421875,0.006087483906731306,0.006069030030488034
2021-06-24,48.936431884765625,0.009167504729443055,0.009125738226970916
2021-06-25,49.345420837402344,0.008357555646880677,0.008322824655306232
2021-06-28,49.389869689941406,0.0009007695503404634,0.0009003641009084538
2021-06-29,49.35431671142578,-0.0007198435375274093,-0.0007201027492887416
2021-06-30,49.03422927856445,-0.006485500239682751,-0.006506622471383789
2021-07-01,48.75860595703125,-0.005621039130999317,-0.005636896623096836
2021-07-02,48.705257415771484,-0.0010941359009890572,-0.0010947349046414357
2021-07-06,47.85171890258789,-0.017524566309081946,-0.017679939428251083
2021-07-07,47.798377990722656,-0.0011147125555472925,-0.001115334309682414
2021-07-08,46.802574157714844,-0.020833423117434857,-0.021053500892238102
2021-07-09,47.61166763305664,0.017287371259010698,0.017139644761361483
2021-07-12,47.65612030029297,0.0009336507088750778,0.0009332151281510704
2021-07-13,47.70058059692383,0.0009329399109851977,0.000932504993026971
2021-07-14,47.90507125854492,0.004286963786647835,0.004277800935267882
2021-07-15,48.020652770996094,0.0024127197687979773,0.0024098138336561374
2021-07-16,47.64723205566406,-0.007776252378592696,-0.007806645092591897
2021-07-19,46.84703826904297,-0.01679412952438164,-0.016936749963334
2021-07-20,46.9981803894043,0.0032262897708350557,0.003221096465067208
2021-07-21,47.300472259521484,0.006431990932681764,0.006411393951555688
2021-07-22,47.38938522338867,0.0018797479099015302,0.0018779833946823048
2021-07-23,46.68699264526367,-0.014821728005417145,-0.014932667389651733
2021-07-26,45.79787826538086,-0.019044156187965844,-0.019227831834471916
2021-07-27,44.87321090698242,-0.02019017896506803,-0.020396786318067114
2021-07-28,46.09128952026367,0.027144895332010144,0.0267830070044731
2021-07-29,46.322452545166016,0.0050153299529775985,0.005002795079257635
2021-07-30,45.87790298461914,-0.009596848528549362,-0.009643195038036588
2021-08-02,46.20687484741211,0.007170595022690129,0.00714500854689425
2021-08-03,46.40248107910156,0.004233271181732112,0.004224336096832378
2021-08-04,46.642539978027344,0.005173406536528979,0.005160070444508442
2021-08-05,46.571407318115234,-0.0015250597404348198,-0.0015262238277264119
2021-08-06,46.180198669433594,-0.00840018954139421,-0.008435669968149137
2021-08-09,46.33135223388672,0.003273125036449276,0.0032677800227867843
2021-08-10,46.39358139038086,0.0013431327490722733,0.0013422315531417144
2021-08-11,46.518062591552734,0.0026831556745841034,0.00267956243843661
2021-08-12,46.109073638916016,-0.008792046139750154,-0.008830924223764854
2021-08-13,45.99349594116211,-0.0025066150462923487,-0.002509761865463593
2021-08-16,45.57560729980469,-0.009085820349294838,-0.009127348149141653
2021-08-17,44.73984909057617,-0.01833784032170427,-0.0185080627347299
2021-08-18,44.810977935791016,0.0015898320325320459,0.001588569587459501
2021-08-19,44.046348571777344,-0.0170634384527224,-0.01721069647467388
2021-08-20,44.01077651977539,-0.0008076050150669367,-0.0008079313036838277
2021-08-23,44.6776123046875,0.015151647792728262,0.015038008026025491
2021-08-24,45.69118881225586,0.022686452012163905,0.022432941467383737
2021-08-25,45.74454116821289,0.0011676727470641968,0.0011669915474693128
2021-08-26,45.308876037597656,-0.009523871471640688,-0.00956951355963605
2021-08-27,45.869014739990234,0.012362670438520018,0.012286876664621027
2021-08-30,45.966819763183594,0.0021322678009931817,0.0021299977443453343
2021-08-31,46.59808349609375,0.013733030393713541,0.013639586868379447
2021-09-01,47.193782806396484,0.012783772756505662,0.012702750119570234
2021-09-02,46.98039627075195,-0.004521496751381582,-0.004531749635077966
2021-09-03,47.229347229003906,0.005299039131497096,0.005285048626032238
2021-09-07,47.504966735839844,0.005835767864830421,0.005818805730935241
2021-09-08,46.811466217041016,-0.014598484462796657,-0.014706090881572188
2021-09-09,46.722557067871094,-0.0018993028066605078,-0.0019011087693117873
2021-09-10,46.669212341308594,-0.0011417338842352187,-0.001142386158896412
2021-09-13,46.79368591308594,0.002667145330566667,0.002663594810227462
2021-09-14,46.40248107910156,-0.008360205577970348,-0.008395348099494557
2021-09-15,46.39358139038086,-0.00019179338073604946,-0.00019181177543852224
2021-09-16,45.869014739990234,-0.011306879845654372,-0.011371288579698213
2021-09-17,45.673404693603516,-0.004264535601986252,-0.004273654668894659
2021-09-20,44.446441650390625,-0.02686384015914467,-0.027231268415079113
2021-09-21,44.775413513183594,0.007401534309104285,0.007374277366871771
2021-09-22,45.33555221557617,0.012509961571379957,0.012432358539175795
2021-09-23,45.69118881225586,0.007844540968390268,0.007813932525471653
2021-09-24,45.148841857910156,-0.011869836798823363,-0.011940845781019515
2021-09-27,45.44224548339844,0.006498585864320949,0.006477561093563585
2021-09-28,44.855430603027344,-0.012913421731887698,-0.012997524785664913
2021-09-29,44.43754577636719,-0.00931625939250158,-0.009359927162159064
2021-09-30,44.7932014465332,0.008003494881464901,0.00797163678747676
2021-10-01,44.748748779296875,-0.000992397636266018,-0.000992890388831547
2021-10-04,44.09080123901367,-0.0147031494339257,-0.014812312080135833
2021-10-05,44.4019889831543,0.007057883626421235,0.007033093342058969
2021-10-06,44.15304183959961,-0.005606666486249856,-0.005622442836918996
2021-10-07,45.01546859741211,0.019532669140793324,0.019344354796350254
2021-10-08,45.18439865112305,0.0037527112118220796,0.0037456873579481825
2021-10-11,45.09549331665039,-0.001967611324411145,-0.001969549614524837
2021-10-12,44.86432647705078,-0.005126162784746757,-0.005139346631523836
2021-10-13,45.48670196533203,0.013872391210411061,0.01377705031706831
2021-10-14,45.62895965576172,0.0031274566913668256,0.003122576371367437
2021-10-15,46.180198669433594,0.012080902519596926,0.01200851087116912
2021-10-18,46.06462097167969,-0.0025027544506950328,-0.002505891576011309
2021-10-19,46.6781005859375,0.013317804452032123,0.013229902078682795
2021-10-20,46.669212341308594,-0.00019041573066025386,-0.00019043386203719808
2021-10-21,46.366912841796875,-0.006477493069754314,-0.0064985630644361385
2021-10-22,46.26911544799805,-0.0021092064967213053,-0.002111434005479329
2021-10-25,46.509178161621094,0.00518840075714988,0.005174987381914216
2021-10-26,46.26911544799805,-0.00516162020298061,-0.005174987381914211
2021-10-27,45.895687103271484,-0.008070790658322835,-0.008103535794349527
2021-10-28,45.94014358520508,0.0009686418210399506,0.0009681729902795121
2021-10-29,45.273311614990234,-0.014515234785413167,-0.014621611448896605
2021-11-01,45.62895965576172,0.00785557822224181,0.007824883811078645
2021-11-02,45.21996307373047,-0.008963530729537594,-0.0090039448545349
2021-11-03,45.43335723876953,0.004719025636777507,0.004707925941430652
2021-11-04,45.32666015625,-0.002348430514584221,-0.0023511924024402415
2021-11-05,45.273311614990234,-0.0011769793114220217,-0.0011776724955340663
2021-11-08,45.69118881225586,0.009230100082346704,0.009187763026023879
2021-11-09,45.51336669921875,-0.003891825046789199,-0.0038994179043377866
2021-11-10,45.32666015625,-0.004102235376315377,-0.004110672626151915
2021-11-11,46.109073638916016,0.017261661899837355,0.017114371977313813
2021-11-12,46.23354721069336,0.0026995461403562793,0.002695908910117758
2021-11-15,46.0823974609375,-0.003269265692875445,-0.0032746214180053995
2021-11-16,46.1446418762207,0.0013507199866491515,0.001349808585014609
2021-11-17,45.90458297729492,-0.005202313620067067,-0.005215892769370644
2021-11-18,45.344444274902344,-0.012202239211488553,-0.012277297745451174
2021-11-19,45.273311614990234,-0.0015687183082643275,-0.0015699500351532207
2021-11-22,44.908775329589844,-0.008051902376845166,-0.008084494010452983
2021-11-23,44.86432647705078,-0.0009897587322933443,-0.000990248866904116
2021-11-24,44.80208206176758,-0.0013873921703704273,-0.0013883554899921206
2021-11-26,43.299495697021484,-0.03353831553351727,-0.03411362471349287
2021-11-29,43.46842575073242,0.0039014323606212375,0.0038938415104423497
2021-11-30,43.42396545410156,-0.0010228181918944257,-0.0010233416273712514
2021-12-01,43.584007263183594,0.0036855641212958368,0.0036787890713344705
2021-12-02,44.11747360229492,0.012239956181403278,0.012165653610127726
2021-12-03,43.49509811401367,-0.01410723319952023,-0.014207686074286822
2021-12-06,43.83295440673828,0.007767686644572835,0.007737673488339601
2021-12-07,44.52646255493164,0.015821615439336023,0.015697758386148907
2021-12-08,44.70428466796875,0.003993627672931099,0.003985674310083894
2021-12-09,44.49089431762695,-0.00477337579443915,-0.004784804736939097
2021-12-10,44.52646255493164,0.0007994498166470354,0.000799130426855105
2021-12-13,43.82032012939453,-0.015858938370995723,-0.015986036890246007
2021-12-14,43.72111892700195,-0.0022638173819737872,-0.002266383690377181
2021-12-15,43.594871520996094,-0.0028875611856284955,-0.0028917382333540137
2021-12-16,43.64897537231445,0.0012410600015715367,0.001240290523187883
2021-12-17,43.43252944946289,-0.004958785882264949,-0.004971121457525164
2021-12-20,42.783206939697266,-0.014950142623426088,-0.015063022465062994
2021-12-21,43.50468444824219,0.016863567744275,0.01672295639006942
2021-12-22,43.71210479736328,0.004767770453957931,0.004756440634122152
2021-12-23,43.937564849853516,0.005157840226074795,0.005144584130519578
2021-12-27,44.13596725463867,0.004515553045853826,0.004505388523671647
2021-12-28,43.99167251586914,-0.0032693231336029527,-0.003274679047139513
2021-12-29,43.79327392578125,-0.004509912416181039,-0.004520112751147185
2021-12-30,44.294960021972656,0.011455779648757103,0.011390659071164974
2021-12-31,44.078407287597656,-0.0048888797792701055,-0.004900869445337533
2022-01-03,44.39421844482422,0.007164758816397221,0.007139213874937765
2022-01-04,44.24081802368164,-0.003455414387646738,-0.0034613981201018977
2022-01-05,43.51897048950195,-0.01631632430018115,-0.016450901396465212
2022-01-06,43.71747970581055,0.004561441000918931,0.004551069157324869
2022-01-07,44.11449432373047,0.009081370211447837,0.009040382531628303
2022-01-10,44.11449432373047,0.0,0.0
2022-01-11,45.134124755859375,0.023113274848997056,0.022850208942221988
2022-01-12,45.88304138183594,0.01659313501763071,0.016456973123377447
2022-01-13,45.233375549316406,-0.014159171078330424,-0.014260368524831753
2022-01-14,45.215328216552734,-0.0003989826658856721,-0.0003990622806468214
2022-01-18,44.412261962890625,-0.017760929431186123,-0.017920547539742104
2022-01-19,44.60174560546875,0.004266471334795963,0.004257395750626783
2022-01-20,44.86342239379883,0.005866962935594078,0.005849819329802053
2022-01-21,44.2137565612793,-0.014480969080266415,-0.014586841647623357
2022-01-24,43.59115219116211,-0.014081689015821852,-0.014181776712089197
2022-01-25,43.50994110107422,-0.0018630177457056307,-0.0018647553216913483
2022-01-26,42.95952224731445,-0.012650415970022477,-0.012731113778367855
2022-01-27,42.463253021240234,-0.011552019205829045,-0.01161926214244821
2022-01-28,42.67078399658203,0.004887307508870897,0.004875403391825942
2022-01-31,44.069374084472656,0.03277629227535761,0.03225060547985643
2022-02-01,44.3400764465332,0.006142641407651084,0.006123852289870495
2022-02-02,44.26789093017578,-0.001627997111021351,-0.0016293237383439032
2022-02-03,43.79867935180664,-0.010599366007954414,-0.010655939404374336
2022-02-04,43.90696334838867,0.0024723119095042545,0.0024692607742858867
2022-02-07,43.81672668457031,-0.0020551788813623073,-0.0020572936594745006
2022-02-08,44.24081802368164,0.00967875446662858,0.009632215375278275
2022-02-09,44.93560791015625,0.01570472512743093,0.015582682042121316
2022-02-10,44.63784408569336,-0.006626455906821982,-0.006648508339399104
2022-02-11,43.96110534667969,-0.01516065018092061,-0.015276747742126172
2022-02-14,43.65431594848633,-0.006978655240217457,-0.007003119941616415
2022-02-15,44.60174560546875,0.02170300086938526,0.02147084374451399
2022-02-16,44.92658996582031,0.007283220778509847,0.007256826206900788
2022-02-17,44.40324020385742,-0.011648998118064413,-0.011717379263271373
2022-02-18,43.96110534667969,-0.009957265621785116,-0.010007170746527183
2022-02-22,43.338497161865234,-0.014162705416629784,-0.01426395363160677
2022-02-23,42.83319854736328,-0.011659347868356207,-0.011727851053619528
2022-02-24,41.94892501831055,-0.020644583151429585,-0.02086066163161717
2022-02-25,42.724918365478516,0.018498527598245884,0.01832951102658069
2022-02-28,42.16547775268555,-0.013094012445088565,-0.013180494789535613
2022-03-01,41.60604476928711,-0.013267559463684853,-0.013356359848275299
2022-03-02,41.67823028564453,0.0017349766544190182,0.0017334733210044103
2022-03-03,41.09172821044922,-0.01407214440670057,-0.014172095825939824
2022-03-04,40.26158142089844,-0.020202284637414802,-0.020409141518914303
2022-03-07,38.75470733642578,-0.037427096286150596,-0.03814547157035355
2022-03-08,38.88103103637695,0.0032595704788729307,0.0032542695949658506
2022-03-09,39.98186492919922,0.028312878117669582,0.02791947687163029
2022-03-10,39.232940673828125,-0.018731598856064013,-0.018909257303198312
2022-03-11,38.41182327270508,-0.020929285111447316,-0.02115140730479787
2022-03-14,37.482444763183594,-0.024195115730991312,-0.02449262621324624
2022-03-15,37.53657150268555,0.0014440557397983333,0.0014430140939843406
2022-03-16,40.55935287475586,0.08052896817851485,0.0774507065809107
2022-03-17,40.3518180847168,-0.005116817092223225,-0.005129952828733761
2022-03-18,40.929298400878906,0.014311135001394915,0.014209697355324385
2022-03-21,40.29767990112305,-0.01543194055196162,-0.015552252314192286
2022-03-22,41.0285530090332,0.01813685328047354,0.017974342570832625
2022-03-23,40.75786209106445,-0.006597622828890759,-0.006619483347073951
2022-03-24,40.97441864013672,0.005313246033082253,0.005299180541658358
2022-03-25,40.64958190917969,-0.007927793529176164,-0.007959385565166625
2022-03-28,40.784934997558594,0.003329753518285017,0.003324222164334554
2022-03-29,41.47971725463867,0.01703526699556268,0.016891793943602424
2022-03-30,41.36241149902344,-0.0028280268858900115,-0.002832033309221754
2022-03-31,40.739810943603516,-0.015052327290796863,-0.01516676337427923
2022-04-01,41.41655349731445,0.016611332699794756,0.01647487361735478
2022-04-04,42.14743423461914,0.017647068034091218,0.017493166498358224
2022-04-05,41.371429443359375,-0.018411673340304247,-0.01858327781212179
2022-04-06,40.83004379272461,-0.013085978848663249,-0.013172354638569542
2022-04-07,40.505210876464844,-0.007955732742016997,-0.007987548440897578
2022-04-08,40.54130172729492,0.0008910174777301272,0.0008906207572963876
2022-04-11,40.03600311279297,-0.012463798471516685,-0.012542123103133965
2022-04-12,39.9096794128418,-0.0031552525259647135,-0.0031602408308874556
2022-04-13,40.433021545410156,0.013113163028815489,0.013027929815924995
2022-04-14,39.9096794128418,-0.012943433672910065,-0.0130279298159251
2022-04-18,39.774330139160156,-0.0033913896496520213,-0.0033971534467406874
2022-04-19,39.57581329345703,-0.004991079548255506,-0.005003576585596978
2022-04-20,39.341217041015625,-0.005927768324098914,-0.005945407283738073
2022-04-21,38.5832633972168,-0.019266146316943233,-0.01945415726219725
2022-04-22,38.24038314819336,-0.008886761223213968,-0.00892648399872735
2022-04-25,37.96065902709961,-0.0073148880336719735,-0.007341773014460125
2022-04-26,37.130523681640625,-0.021868306998209963,-0.022110962591493942
2022-04-27,37.56364440917969,0.011664816021790259,0.011597306538670735
2022-04-28,38.105037689208984,0.014412693138394994,0.014309817574425905
2022-04-29,38.24038314819336,0.0035519046087364448,0.0035456114928574113
2022-05-02,38.186241149902344,-0.001415833049611459,-0.0014168362882810994
2022-05-03,38.46596145629883,0.0073251594808303455,0.00729846080222711
2022-05-04,38.88103103637695,0.010790568189740668,0.010732765453287265
2022-05-05,37.44633865356445,-0.03689954573144438,-0.03759755874212927
2022-05-06,36.93201446533203,-0.013734966000032767,-0.01383016333877573
2022-05-09,35.86727523803711,-0.028829708931647602,-0.029253449066167867
2022-05-10,36.038719177246094,0.004779954375434992,0.0047685666675839795
2022-05-11,35.786067962646484,-0.007010549219494067,-0.007035238577981304
2022-05-12,35.55146408081055,-0.006555732305678741,-0.006577315499518648
2022-05-13,36.534996032714844,0.02766501963656598,0.027289257545581987
2022-05-16,36.390625,-0.003951582000599307,-0.003959410129888152
2022-05-17,37.2839241027832,0.024547506474076775,0.024251058021037733
2022-05-18,36.390625,-0.02395936383521713,-0.02425105802103784
2022-05-19,36.96811294555664,0.015869140625,0.015744542263597568
2022-05-20,37.12150192260742,0.004149223880501429,0.004140639588337225
2022-05-23,37.40122985839844,0.007535469237591963,0.00750721941761498
2022-05-24,36.751548767089844,-0.017370580961329263,-0.01752321970120551
2022-05-25,36.93201446533203,0.004910424303091965,0.004898407492045765
2022-05-26,37.50950622558594,0.015636616865186026,0.015515624614733346
2022-05-27,37.9426155090332,0.011546653822700481,0.011480499965571178
2022-05-31,38.4749870300293,0.014030965284123509,0.013933442458269524
2022-06-01,38.20429229736328,-0.0070356029608208415,-0.007060469518121841
2022-06-02,38.86298370361328,0.017241293232788335,0.017094348740681678
2022-06-03,38.23135757446289,-0.016252641175661053,-0.01638616405784969
2022-06-06,38.43889236450195,0.005428391854378933,0.0054137112394396225
2022-06-07,38.55619430541992,0.0030516472692718732,0.0030470004449894067
2022-06-08,38.76373291015625,0.005382756479862305,0.005368321224010011
2022-06-09,37.84646224975586,-0.023663114760551385,-0.0239475828235501
2022-06-10,37.42786407470703,-0.011060430755361561,-0.011122052113402272
2022-06-13,36.11747741699219,-0.03501099221423043,-0.03563856860360345
2022-06-14,36.61797332763672,0.01385744372083586,0.013762307239052713
2022-06-15,37.10027313232422,0.013171122289378445,0.013085137248266761
2022-06-16,35.96278381347656,-0.030659863737137805,-0.031139710868579907
2022-06-17,36.099281311035156,0.0037955208992315193,0.003788336084121911
2022-06-21,36.68167495727539,0.01613310916697408,0.016004353534462026
2022-06-22,36.0264778137207,-0.017861701907500693,-0.018023147455634686
2022-06-23,36.13568115234375,0.003031196643415779,0.003026611829515366
2022-06-24,36.99106979370117,0.023671579283401467,0.023395751818527676
2022-06-27,37.03657150268555,0.001230072805088911,0.0012293168853633651
2022-06-28,36.80907440185547,-0.006142498930106988,-0.006161441687073465
2022-06-29,36.663475036621094,-0.003955529107980915,-0.003963372904318626
2022-06-30,36.49057388305664,-0.004715896498947547,-0.004727051422970471
2022-07-01,36.26307678222656,-0.006234407317329382,-0.006253922386836698
2022-07-05,35.980987548828125,-0.007778965780881997,-0.0078093797640870505
2022-07-06,35.7625846862793,-0.0060699518670087604,-0.0060884489136158295
2022-07-07,36.481483459472656,0.0201019803098621,0.019902602994386284
2022-07-08,36.481483459472656,0.0,0.0
2022-07-11,35.50778579711914,-0.026690188282370686,-0.027052838723454372
2022-07-12,35.37129211425781,-0.0038440494048604945,-0.003851456751672135
2022-07-13,35.28939437866211,-0.002315373024291967,-0.002318057645145798
2022-07-14,34.97089385986328,-0.009025389197141132,-0.009066364755458292
2022-07-15,35.15288162231445,0.005203978004692633,0.005190484105546503
2022-07-18,35.39859390258789,0.006989819011522069,0.0069655034683574375
2022-07-19,35.980987548828125,0.01645245141213536,0.016318576221056178
2022-07-20,35.82627868652344,-0.004299739191280905,-0.004309009653092971
2022-07-21,36.235774993896484,0.011430054205632256,0.011365224671758245
2022-07-22,35.87178039550781,-0.010045172166180616,-0.010095965345198354
2022-07-25,35.999183654785156,0.0035516291043447,0.0035453369635298337
2022-07-26,35.717079162597656,-0.00783641359461773,-0.007867279642119468
2022-07-27,36.38137435913086,0.018598810768066354,0.018427967951552084
2022-07-28,36.536075592041016,0.004252209698926146,0.004243194602283252
2022-07-29,36.36317443847656,-0.004732340591120265,-0.00474357356771395
2022-08-01,36.05377960205078,-0.008508466084259259,-0.00854486972163483
2022-08-02,35.880889892578125,-0.004795328295145618,-0.004806862771047043
2022-08-03,36.16298294067383,0.007861930095386382,0.007831186155646654
2022-08-04,36.41777420043945,0.007045637252425019,0.007020932721843158
2022-08-05,36.45417404174805,0.000999507578586467,0.000999008403478487
2022-08-08,36.49967956542969,0.0012482939163434015,0.0012475154452657386
2022-08-09,36.36317443847656,-0.0037398993245523204,-0.0037469102335524686
2022-08-10,36.81816482543945,0.012512394585700859,0.0124347614897541
2022-08-11,36.963768005371094,0.003954656094945719,0.0039468569976009804
2022-08-12,37.355064392089844,0.010585944232251787,0.010530305439598214
2022-08-15,37.18217086791992,-0.00462838244247632,-0.004639126569263403
2022-08-16,37.173065185546875,-0.00024489378001602,-0.00024492377139433326
2022-08-17,37.01837158203125,-0.004161443312341362,-0.0041701262148723765
2022-08-18,36.80907440185547,-0.0056538732318893725,-0.005669916874208618
2022-08-19,36.3085823059082,-0.013596975856639215,-0.013690261297934153
2022-08-22,35.990081787109375,-0.008772045025481567,-0.008810745902558979
2022-08-23,36.18117904663086,0.005309720068208623,0.0052956732059389515
2022-08-24,36.172080993652344,-0.00025145816742977445,-0.00025148978833575917
2022-08-25,36.95466995239258,0.02163516549898148,0.021404447127893973
2022-08-26,36.40867233276367,-0.014774793560118238,-0.014885027963695101
2022-08-29,36.18117904663086,-0.006248326883595112,-0.006267929375863142
2022-08-30,35.75348663330078,-0.011820853399466702,-0.011891275201026036
2022-08-31,35.880889892578125,0.003563380002180816,0.003557046205683806
2022-09-01,35.598785400390625,-0.007862249042096758,-0.007893319484953842
2022-09-02,35.27119064331055,-0.009202413885628924,-0.00924501766948545
2022-09-06,34.85259246826172,-0.011867991054853144,-0.011938977866937837
2022-09-07,35.1619873046875,0.008877240242817885,0.008838069195498713
2022-09-08,34.97089385986328,-0.00543465996868564,-0.005449481457398281
2022-09-09,35.489585876464844,0.014832106341922113,0.014723186340586355
2022-09-12,36.01738357543945,0.014871903572270861,0.01476240115236133
2022-09-13,34.90719223022461,-0.030823764388368646,-0.03130880993217245
2022-09-14,35.0800895690918,0.00495305774600463,0.004940831709710134
2022-09-15,34.70699691772461,-0.010635453214347224,-0.010692413875167912
2022-09-16,34.38850021362305,-0.009176728970719639,-0.009219094532051636
2022-09-19,34.49769973754883,0.0031754663113374715,0.0031704351661978373
2022-09-20,34.30660629272461,-0.005539309759143851,-0.0055547086278445665
2022-09-21,33.73331069946289,-0.0167109386562464,-0.01685214169220268
2022-09-22,33.56950759887695,-0.004855826397986651,-0.004867654227783199
2022-09-23,32.74141311645508,-0.024668055674715306,-0.024977410207946478
2022-09-26,32.341026306152344,-0.012228757777761001,-0.012304144255224943
2022-09-27,32.30462646484375,-0.0011255005009432884,-0.00112613435227673
2022-09-28,32.58671951293945,0.008732280139586157,0.008694374291190684
2022-09-29,31.858722686767578,-0.02234029190581166,-0.022593616228788586
2022-09-30,31.74043083190918,-0.00371301310543537,-0.0037199234493642255
2022-10-03,32.25912857055664,0.01634186194240339,0.016209770849932748
2022-10-04,33.31471252441406,0.032722023211156026,0.03219805732350386
2022-10-05,33.332908630371094,0.0005461882927459971,0.0005460391862114559
2022-10-06,33.132713317871094,-0.006005935897163028,-0.00602404407092205
2022-10-07,32.441123962402344,-0.02087330876990756,-0.021094236009013192
2022-10-10,31.986127853393555,-0.0140252880737457,-0.014124571842011319
2022-10-11,31.47652816772461,-0.01593189672737705,-0.016060173681920167
2022-10-12,31.512935638427734,0.0011566545874794887,0.0011559861779251227
2022-10-13,31.603933334350586,0.002887629923373103,0.002883468728821171
2022-10-14,31.1307373046875,-0.014972694210462878,-0.015085916580541732
2022-10-17,31.986127853393555,0.02747736233594611,0.027106635355715704
2022-10-18,31.995222091674805,0.0002843181995311195,0.000284277788771322
2022-10-19,31.41283416748047,-0.018202340415879648,-0.018370041162085113
2022-10-20,31.613037109375,0.006373284907281285,0.006353061408292031
2022-10-21,32.0953254699707,0.015255995775637743,0.015140793280338226
2022-10-24,30.875938415527344,-0.0379926682963303,-0.03873320703188666
2022-10-25,31.1307373046875,0.008252344778354015,0.008218480360854503
2022-10-26,31.640336990356445,0.016369663226454056,0.016237124740249367
2022-10-27,31.39463233947754,-0.007765551010211813,-0.007795859913645562
2022-10-28,31.20353889465332,-0.006086819006442923,-0.00610541920502254
2022-10-31,31.112537384033203,-0.0029163842898508596,-0.0029206452248797224
2022-11-01,31.68583106994629,0.01842645229595763,0.01825874229132557
2022-11-02,31.421937942504883,-0.008328426887679319,-0.008363302006466556
2022-11-03,31.603933334350586,0.0057919849558201175,0.005775275898981167
2022-11-04,32.941619873046875,0.04232658399017519,0.04145531456134255
2022-11-07,32.95981979370117,0.000552490154535068,0.0005523375880413762
2022-11-08,33.1964111328125,0.00717817453469638,0.007152534067917059
2022-11-09,32.62312316894531,-0.017269576568791467,-0.01742043507068229
2022-11-10,33.80611038208008,0.036262230535330175,0.03562023008561052
2022-11-11,34.725196838378906,0.02718699211211284,0.026823990431119864
2022-11-14,34.515899658203125,-0.006027242441559388,-0.00604547958399502
2022-11-15,35.307586669921875,0.022936878932854343,0.022677783142928946
2022-11-16,34.74339294433594,-0.01597939079950106,-0.01610843783976247
2022-11-17,34.80709457397461,0.0018334890245386148,0.0018318102352516599
2022-11-18,34.60689163208008,-0.005751785500770379,-0.005768390722723875
2022-11-21,34.170101165771484,-0.012621487966971712,-0.012701815564491717
2022-11-22,34.25199890136719,0.002396765967955128,0.0023938983055656234
2022-11-23,34.534095764160156,0.00823592408738838,0.00820219393735328
2022-11-25,34.370304107666016,-0.004742896921717699,-0.004754180148246354
2022-11-28,34.215606689453125,-0.004500903388235833,-0.004511062950157023
2022-11-29,34.952693939208984,0.021542428180385542,0.021313669587119735
2022-11-30,35.96278381347656,0.028898770321519773,0.028489075259949155
2022-12-01,35.844478607177734,-0.0032896565213756945,-0.003295079337457536
2022-12-02,35.980987548828125,0.003808367340097263,0.0038011338685266676
2022-12-05,35.57148742675781,-0.011381013973410181,-0.011446273330521119
2022-12-06,35.52598190307617,-0.0012792696334483766,-0.001280088597370869
2022-12-07,35.316688537597656,-0.005891276025797754,-0.005908698051410349
2022-12-08,35.74437713623047,0.01211009911581895,0.012037358540386562
2022-12-09,35.50778579711914,-0.006618980608044223,-0.006640983203768177
2022-12-12,35.39859390258789,-0.0030751535777291394,-0.0030798915783721388
2022-12-13,35.65172576904297,0.00715090173218913,0.007125455272470725
2022-12-14,35.670204162597656,0.0005183029195947597,0.0005181686470304342
2022-12-15,34.84797286987305,-0.023050927574638558,-0.023320754781751836
2022-12-16,34.94959259033203,0.0029160869941688983,0.0029118434601647114
2022-12-19,34.97731018066406,0.0007930733458592076,0.0007927590293662949
2022-12-20,34.96806716918945,-0.0002642573550357685,-0.00026429227716303526
2022-12-21,35.28218078613281,0.008982870440723989,0.008942764459004177
2022-12-22,34.96806716918945,-0.008902896871579413,-0.008942764459004127
2022-12-23,34.921875,-0.0013209814819319377,-0.0013218547470992019
2022-12-27,35.43923568725586,0.014814802677572736,0.014706135429639331
2022-12-28,34.921875,-0.014598528360528551,-0.014706135429639326
2022-12-29,35.50390625,0.016666666666666607,0.016529301951210506
2022-12-30,35.01426315307617,-0.013791245770986893,-0.013887228503651691
2023-01-03,35.309898376464844,0.008443279874153164,0.008407834762218416
2023-01-04,36.37233352661133,0.030088875895905476,0.029645085796589535
2023-01-05,36.26146697998047,-0.003048101011988824,-0.00305275593339885
2023-01-06,37.0190315246582,0.020891723577978194,0.02067648417395678
2023-01-09,37.29619598388672,0.007487080234497734,0.007459191167890223
2023-01-10,37.56411361694336,0.0071835109717997,0.007157832458113546
2023-01-11,37.721168518066406,0.004180982485693763,0.0041722664643303355
2023-01-12,37.905941009521484,0.00489837665995374,0.004886418647004787
2023-01-13,38.1553840637207,0.006580579390881303,0.0065590219004914635
2023-01-17,37.942893981933594,-0.0055690720196196475,-0.005584637116863626
2023-01-18,37.68421936035156,-0.006817472112306433,-0.006840817238973907
2023-01-19,37.97061538696289,0.007599892779327488,0.007571159084370659
2023-01-20,38.55264663696289,0.01532846502666474,0.015212171006758068
2023-01-23,38.829795837402344,0.007188850172836991,0.007163133564443529
2023-01-24,38.857513427734375,0.0007138227161456179,0.0007135680658867955
2023-01-25,38.89447021484375,0.0009510847156524171,0.0009506327211515815
2023-01-26,39.264015197753906,0.009501221661302406,0.009456368934760286
2023-01-27,39.07924270629883,-0.004705899040749362,-0.004717006644849352
2023-01-30,38.293968200683594,-0.020094414610768885,-0.020299053398214115
2023-01-31,38.2108154296875,-0.0021714326016128993,-0.0021737935798070993
2023-02-01,38.681983947753906,0.012330763234650544,0.012255358605302556
2023-02-02,38.451019287109375,-0.0059708587066393815,-0.005988755558763765
2023-02-03,37.767364501953125,-0.01777988718716339,-0.017939848277714394
2023-02-06,37.213050842285156,-0.01467705430277777,-0.014785827893588092
2023-02-07,37.360862731933594,0.003972044385043505,0.003964176643874985
2023-02-08,37.31467056274414,-0.0012363785472750966,-0.001237143493805169
2023-02-09,37.49020767211914,0.0047042384865716436,0.004693208136107957
2023-02-10,37.12990188598633,-0.009610663917467899,-0.009657144393161435
2023-02-13,37.434776306152344,0.008211021432326548,0.008177494398276957
2023-02-14,37.3701057434082,-0.0017275530703121378,-0.0017290470109399163
2023-02-15,37.05599594116211,-0.00840537632948768,-0.008440900709022772
2023-02-16,37.06523513793945,0.00024933068300247996,0.0002492996052733837
2023-02-17,36.65873336791992,-0.01096719792837475,-0.011027781001825708
2023-02-21,36.196800231933594,-0.012600902801256253,-0.012680967479502328
2023-02-22,36.02127456665039,-0.0048492039119067964,-0.004860999449289828
2023-02-23,36.196800231933594,0.004872833274081501,0.004860999449289786
2023-02-24,35.38380432128906,-0.022460435879282148,-0.022716513137895557
2023-02-27,35.568580627441406,0.005222058783576511,0.0052084711178051095
2023-02-28,35.31913375854492,-0.007013124068943943,-0.0070378316093435075
2023-03-01,36.07669448852539,0.021449017837171347,0.021222224913221198
2023-03-02,36.20603942871094,0.0035852769223823078,0.003578865137855887
2023-03-03,36.529396057128906,0.008931013541391364,0.008891367915518677
2023-03-06,36.40005111694336,-0.0035408452957520486,-0.0035471289257491207
2023-03-07,35.790306091308594,-0.01675121344406416,-0.016893101786478425
2023-03-08,35.93812561035156,0.004130155206436337,0.004121649527228959
2023-03-09,35.14360046386719,-0.022108140950331645,-0.022356188629873725
2023-03-10,34.958831787109375,-0.0052575340693331585,-0.005271403535731544
2023-03-13,35.01426315307617,0.0015856183726150608,0.0015843626070712988
2023-03-14,35.032737731933594,0.0005276300911047915,0.0005274909432918358
2023-03-15,34.43223190307617,-0.017141276067329403,-0.017289888458928412
2023-03-16,34.958831787109375,0.015293806266045706,0.015178034908565534
2023-03-17,34.746341705322266,-0.006078294694774722,-0.006096842726435704
2023-03-20,34.87568283081055,0.0037224386551308886,0.0037155275258870064
2023-03-21,35.18980026245117,0.009006775097837538,0.00896645601477357
2023-03-22,35.32837677001953,0.003937973689388308,0.00393024016728811
2023-03-23,35.81801986694336,0.01385976774736375,0.013764599498066687
2023-03-24,35.72563171386719,-0.002579376342393469,-0.0025827086649941005
2023-03-27,35.53162384033203,-0.005430495255871137,-0.0054452939958740424
2023-03-28,36.03974533081055,0.014300542321450171,0.014199254075259253
2023-03-29,36.1413688659668,0.002819762854133545,0.0028157947804577695
2023-03-30,36.501678466796875,0.009969450857445716,0.00992008371993184
2023-03-31,36.455482482910156,-0.001265585195725727,-0.0012663867250099822
2023-04-03,36.529396057128906,0.002027502290043781,0.0020254496812534698
2023-04-04,36.529396057128906,0.0,0.0
2023-04-05,36.24299621582031,-0.007840256676039492,-0.007871153084883748
2023-04-06,36.390811920166016,0.00407846259358613,0.004070168209597474
2023-04-10,36.427772521972656,0.0010156575205775287,0.001015142089449454
2023-04-11,36.649497985839844,0.0060867148473995325,0.006068265624173463
2023-04-12,36.390811920166016,-0.007058379511058366,-0.0070834077136230295
2023-04-13,36.88969802856445,0.01370912277233316,0.013616002845186326
2023-04-14,36.6956901550293,-0.005259134227255879,-0.005273012152297686
2023-04-17,36.85274887084961,0.004280031664666506,0.004270898380364754
2023-04-18,36.806549072265625,-0.0012536323612084566,-0.0012544188156088276
2023-04-19,36.437007904052734,-0.010040092796728572,-0.010090834448031756
2023-04-20,36.381568908691406,-0.0015215024106071118,-0.0015226610708185255
2023-04-21,36.03974533081055,-0.00939551504056213,-0.009439931320140819
2023-04-24,35.95659637451172,-0.002307146055989029,-0.0023098116181342145
2023-04-25,35.28218078613281,-0.018756380090997005,-0.018934511910220806
2023-04-26,35.48543167114258,0.005760723415646929,0.0057441938994435915
2023-04-27,35.96583938598633,0.013538167417431302,0.013447345221487052
2023-04-28,36.150611877441406,0.005137444158388682,0.005124292516799698
2023-05-01,36.03050994873047,-0.003322265446518813,-0.0033277964240152314
2023-05-02,35.679439544677734,-0.009743697898039416,-0.009791478347915217
2023-05-03,35.62400817871094,-0.0015535940775467383,-0.0015548021562303525
2023-05-04,35.9104118347168,0.008039624698295889,0.00800747909311394
2023-05-05,36.390811920166016,0.013377738123983018,0.013289046307018331
2023-05-08,36.4092903137207,0.0005077763473710917,0.0005076474725861498
2023-05-09,36.18756103515625,-0.0060899093790052206,-0.006108528508154695
2023-05-10,36.169090270996094,-0.0005104174924143168,-0.0005105477997652522
2023-05-11,36.03974533081055,-0.003576118149957175,-0.003582527746012849
2023-05-12,35.61477279663086,-0.011791774061632343,-0.011861848441636149
2023-05-15,36.27070617675781,0.01841745232722647,0.018249905120533254
2023-05-16,36.01203155517578,-0.007131777923524152,-0.007157330614925995
2023-05-17,36.178321838378906,0.004617631275490419,0.004607002722790961
2023-05-18,35.984317779541016,-0.005362439410666275,-0.005376868896830866
2023-05-19,36.01203155517578,0.000770162597066637,0.0007698661740398649
2023-05-22,36.30766677856445,0.008209345894182984,0.008175832504585825
2023-05-23,35.744110107421875,-0.015521698890199498,-0.01564342166408471
2023-05-24,35.476192474365234,-0.007495434415669244,-0.007523666346403916
2023-05-25,35.402286529541016,-0.0020832547032103577,-0.0020854276967467614
2023-05-26,36.03050994873047,0.01774527808155102,0.01758966882403852
2023-05-30,35.61477279663086,-0.011538475383534141,-0.011605560126996265
2023-05-31,35.28218078613281,-0.009338597002913063,-0.009382475086718831
2023-06-01,35.9104118347168,0.017805901862815166,0.017649233802683496
2023-06-02,36.529396057128906,0.017236901243602443,0.017090031182304472
2023-06-05,36.5201530456543,-0.0002530294084291951,-0.00025306142577096
2023-06-06,36.843509674072266,0.008854196969375616,0.008815228421926677
2023-06-07,36.68521499633789,-0.004296406046402579,-0.004305662120275499
2023-06-08,36.945926666259766,0.0071067232384463,0.007081589489660984
2023-06-09,37.11351776123047,0.0045361183246150905,0.004525861146705731
2023-06-12,37.18800735473633,0.0020070744569429255,0.002005062974019384
2023-06-13,37.56045150756836,0.010015168311635625,0.009965348870729394
2023-06-14,37.839778900146484,0.0074367421414474055,0.007409225911137793
2023-06-15,38.193599700927734,0.009350498630420923,0.009307053331591831
2023-06-16,38.06324768066406,-0.0034129283776439534,-0.0034187657030661208
2023-06-20,37.318363189697266,-0.01956965147104861,-0.019763672555395063
2023-06-21,37.14145278930664,-0.004740572342129545,-0.004751844493603692
2023-06-22,37.01110076904297,-0.0035096101653083744,-0.003515783294815491
2023-06-23,36.471065521240234,-0.014591169583759944,-0.014698667661928792
2023-06-26,36.592105865478516,0.0033188047156940126,0.00331330963802676
2023-06-27,36.96455001831055,0.01017826506627495,0.010126815344482813
2023-06-28,36.741085052490234,-0.00604538580098013,-0.006063733127538922
2023-06-29,36.545555114746094,-0.005321833513212693,-0.005336044912074153
2023-06-30,36.834197998046875,0.007898166614092927,0.007867139361357592
2023-07-03,37.243873596191406,0.01112215333604527,0.011060757008755594
2023-07-05,37.020416259765625,-0.005999841446369669,-0.00601791281488124
2023-07-06,36.2662239074707,-0.020372335821479903,-0.020582714022636655
2023-07-07,36.675907135009766,0.011296550437242203,0.01123322090191859
2023-07-10,36.70383834838867,0.0007615684399049361,0.0007612785938096967
2023-07-11,37.07627868652344,0.01014717683201427,0.01009603987275097
2023-07-12,37.90495681762695,0.022350628500500624,0.022104513667338448
2023-07-13,38.398433685302734,0.013018795142019535,0.012934779035213373
2023-07-14,38.18428039550781,-0.0055771360766960765,-0.005592746367638421
2023-07-17,38.23084259033203,0.0012194074195437388,0.001218664546165198
2023-07-18,37.951507568359375,-0.007306535850279627,-0.007333359320978316
2023-07-19,37.877017974853516,-0.0019627571677274247,-0.001964685899745445
2023-07-20,37.597694396972656,-0.007374487032382082,-0.0074018129880335255
2023-07-21,37.541831970214844,-0.0014857939470435122,-0.0014868988334279971
2023-07-24,38.053932189941406,0.01364078929693302,0.013548591220760554
2023-07-25,38.37050247192383,0.008318990016650707,0.008284577936646664
2023-07-26,38.593971252441406,0.005823973263865634,0.005807079492423051
2023-07-27,38.11910629272461,-0.01230412275043491,-0.012380445168530574
2023-07-28,39.0408935546875,0.02418176477917111,0.023894015532385918
2023-07-31,39.05951690673828,0.0004770216651084347,0.0004769079264430442
2023-08-01,38.56603240966797,-0.012634167960873577,-0.012714657727012758
2023-08-02,37.64425277709961,-0.023901334282374398,-0.024191605754692026
2023-08-03,37.79322052001953,0.00395725062739305,0.003949441306642275
2023-08-04,37.746673583984375,-0.001231621317122178,-0.001232380385977505
2023-08-07,37.690799713134766,-0.001480232972722595,-0.001481329599858721
2023-08-08,37.23456573486328,-0.012104651048634896,-0.012178508958415447
2023-08-09,37.32768249511719,0.0025008149931695645,0.002497693159024392
2023-08-10,37.383548736572266,0.0014966437164263269,0.0014955248614317784
2023-08-11,36.834197998046875,-0.014694986353394612,-0.01480402721988133
2023-08-14,36.657283782958984,-0.004802988111680118,-0.0048145595255239685
2023-08-15,36.2382926940918,-0.011429954585504887,-0.011495778573900939
2023-08-16,35.91240692138672,-0.008992856684945538,-0.009033536489374688
2023-08-17,35.9962043762207,0.0023333845324657876,0.002330666418226934
2023-08-18,35.754127502441406,-0.006725066655617007,-0.006747781814295078
2023-08-21,35.837921142578125,0.0023436074654876737,0.00234086550073527
2023-08-22,35.76343536376953,-0.00207840679464244,-0.0020805696794670998
2023-08-23,36.33140182495117,0.015881205354142836,0.015756418456129642
2023-08-24,36.191734313964844,-0.0038442642994966914,-0.003851672475584889
2023-08-25,36.22898483276367,0.00102925487006722,0.001028725550445505
2023-08-28,36.58279800415039,0.00976602499407453,0.00971864559450277
2023-08-29,37.048343658447266,0.012725807748331874,0.012645515131646688
2023-08-30,36.927303314208984,-0.0032670919206042592,-0.0032724405181635704
2023-08-31,36.471065521240234,-0.012355026011152015,-0.01243198387963095
2023-09-01,36.89936828613281,0.011743631801575338,0.01167521051293725
2023-09-05,36.60142135620117,-0.008074580779303231,-0.008107356760791152
2023-09-06,36.396575927734375,-0.005596652284982628,-0.005612372223505537
2023-09-07,35.9682731628418,-0.011767666434968405,-0.011837453448779706
2023-09-08,36.042762756347656,0.0020709805324437003,0.002068839008454105
2023-09-11,36.489688873291016,0.012399885102166497,0.01232363619827482
2023-09-12,36.377952575683594,-0.0030621334699624247,-0.0030668313935536757
2023-09-13,36.33140182495117,-0.0012796418554775757,-0.0012804612962517925
2023-09-14,36.573482513427734,0.006663125459428487,0.006641024956946647
2023-09-15,36.4338264465332,-0.0038185061223868777,-0.0038258152294030237
2023-09-18,36.387271881103516,-0.0012777841355204878,-0.0012786011977625928
2023-09-19,36.17311477661133,-0.005885494938778324,-0.005902882721486605
2023-09-20,36.024139404296875,-0.004118400453885673,-0.004126904421562034
2023-09-21,35.40030288696289,-0.017317180303260016,-0.017468876521501153
2023-09-22,35.81930160522461,0.011836020714275586,0.01176652286888981
2023-09-25,35.6610107421875,-0.004419149898054475,-0.004428943203672472
2023-09-26,35.15821838378906,-0.014099217827374333,-0.01419955604246872
2023-09-27,35.21408462524414,0.0015889952342078573,0.001587734117043382
2023-09-28,35.307193756103516,0.002644087780507842,0.002640598330001229
2023-09-29,35.33512878417969,0.0007911993309108745,0.0007908864977183243
2023-10-02,35.15821838378906,-0.0050066437134320685,-0.005019218944762908
2023-10-03,34.69266891479492,-0.01324155461781873,-0.013330005689709703
2023-10-04,34.59025192260742,-0.0029521220301337303,-0.0029564881373455856
2023-10-05,34.720603942871094,0.0037684611420385483,0.0037613782810962805
2023-10-06,35.22339630126953,0.014481094834229546,0.014377245151232494
2023-10-09,35.05580139160156,-0.004758056498428198,-0.004769412083912779
2023-10-10,35.55859375,0.01434262913524198,0.014240746649596637
2023-10-11,35.78205490112305,0.006284307886136542,0.0062646439630978734
2023-10-12,35.38167953491211,-0.011189278181963025,-0.011252349074920627
2023-10-13,35.25132751464844,-0.0036841671163475587,-0.003690970374718836
2023-10-16,35.51203536987305,0.007395689002528405,0.0073684749898302844
2023-10-17,35.41892623901367,-0.0026219035290319104,-0.0026253467379142026
2023-10-18,34.87888717651367,-0.015247188998777417,-0.01536462260234744
2023-10-19,34.674049377441406,-0.00587283069083111,-0.005890143578040781
2023-10-20,34.255062103271484,-0.012083598013288621,-0.012157198187956596
2023-10-23,34.22711944580078,-0.0008157234509300615,-0.0008160563343437758
2023-10-24,34.664737701416016,0.012785716785434165,0.012704669608324918
2023-10-25,34.20850372314453,-0.013161327865834349,-0.013248705660117512
2023-10-26,34.0409049987793,-0.004899329293138299,-0.004911370351739479
2023-10-27,34.012962341308594,-0.0008208553054539491,-0.0008211923916488132
2023-10-30,34.36678695678711,0.010402640379511885,0.010348905252938807
2023-10-31,34.1712532043457,-0.005689614006897714,-0.005705861518025025
2023-11-01,34.48782730102539,0.009264339671318345,0.009221688895028604
2023-11-02,35.09303665161133,0.017548491683845313,0.017396294873562958
2023-11-03,35.80998229980469,0.020429854939909786,0.020223964932686335
2023-11-06,36.098628997802734,0.008060509373656544,0.008028196988032404
2023-11-07,36.033451080322266,-0.0018055510497209104,-0.0018071830217191755
2023-11-08,35.791358947753906,-0.006718538616484748,-0.006741209598022127
2023-11-09,35.456172943115234,-0.009364997990938484,-0.009409125302163908
2023-11-10,35.70756530761719,0.007090228404099896,0.00706521091820766
2023-11-13,35.69825744628906,-0.0002606691676662054,-0.0002607031477788647
2023-11-14,36.647979736328125,0.02660416384379527,0.026256427091222483
2023-11-15,36.95523452758789,0.008383948950811959,0.008348998861442832
2023-11-16,36.60142135620117,-0.009574101637011334,-0.00962022799649312
2023-11-17,36.647979736328125,0.0012720374893053776,0.0012712291350502735
2023-11-20,37.104209899902344,0.012448985369907684,0.012372133909355217
2023-11-21,36.871437072753906,-0.006273488312415143,-0.006293249330581394
2023-11-22,36.79695129394531,-0.0020201485139192954,-0.0020221917661741953
2023-11-24,36.815574645996094,0.0005061112781330479,0.0005059832470169609
2023-11-27,36.666595458984375,-0.004046634839853569,-0.004054844622095925
2023-11-28,36.97385787963867,0.00837990047366155,0.008344984036254876
2023-11-29,36.759708404541016,-0.005791915893515354,-0.005808754086785295
2023-11-30,36.834197998046875,0.002026392393707166,0.0020243420300674816
2023-12-01,36.99248123168945,0.004297181484743451,0.004287974965686034
2023-12-04,36.573482513427734,-0.011326591358862048,-0.011391225716209102
2023-12-05,36.35002517700195,-0.0061098184003598455,-0.006128559717158454
2023-12-06,36.30347442626953,-0.001280624992850754,-0.001281445693785156
2023-12-07,36.480377197265625,0.004872888168193867,0.004861054077207917
2023-12-08,36.32209014892578,-0.00433896413636059,-0.004348404759496119
2023-12-11,36.5362434387207,0.005895951717449721,0.005878638612279629
2023-12-12,36.545555114746094,0.0002548613417525658,0.00025482887011786493
2023-12-13,36.90868377685547,0.00993632908213371,0.009887288353292546
2023-12-14,37.4487190246582,0.014631658258736913,0.014525648362985208
2023-12-15,37.22525405883789,-0.005967225892911654,-0.00598510093040477
2023-12-18,37.20663070678711,-0.0005002881114348767,-0.0005004132972865016
2023-12-19,37.52320861816406,0.008508642286688017,0.008472647821805587
2023-12-20,36.84772491455078,-0.018001757538567698,-0.018165760383415035
2023-12-21,37.540287017822266,0.018795247328770692,0.018620799142486762
2023-12-22,37.36002731323242,-0.004801766819317765,-0.004813332339752321
2023-12-26,37.65412902832031,0.007872095826432224,0.007841272536999748
2023-12-27,37.8723258972168,0.0057947660595834005,0.005778040983571112
2023-12-28,38.16643142700195,0.007765710787960067,0.007735712859341554
2023-12-29,38.14745330810547,-0.0004972463546345507,-0.0004973700226004787
2024-01-02,37.70156478881836,-0.011688552724235635,-0.01175740087261935
2024-01-03,37.49284744262695,-0.005536039349043342,-0.005551420006428923
2024-01-04,37.369510650634766,-0.0032896085628311145,-0.003295031220626262
2024-01-05,37.41695022583008,0.0012694727431359354,0.001268667643908803
2024-01-08,37.52131271362305,0.0027891767544678814,0.002785294218694215
2024-01-09,36.99003601074219,-0.014159331442792689,-0.014260531192547072
2024-01-10,36.9046516418457,-0.0023083072660888826,-0.0023109755141880223
2024-01-11,37.05644226074219,0.004113048413777021,0.004104612952546279
2024-01-12,37.18925857543945,0.003584162606942165,0.0035777548026562794
2024-01-16,36.287986755371094,-0.024234734829147064,-0.024533228492567397
2024-01-17,35.74722671508789,-0.014901902492652441,-0.015014051390922394
2024-01-18,36.04132843017578,0.008227259625814831,0.008193600215788131
2024-01-19,36.42081069946289,0.01052908662959795,0.010474041840742496
2024-01-22,36.09824752807617,-0.008856562091614117,-0.00889601455250741
2024-01-23,36.41132736206055,0.008672992608321772,0.008635598266281522
2024-01-24,36.81926727294922,0.01120365392978595,0.011141357862972047
2024-01-25,36.86669921875,0.001288237091986666,0.001287408026529611
2024-01-26,36.89516067504883,0.0007720098870243053,0.0007717120406751666
2024-01-29,36.91413879394531,0.0005143796245701271,0.0005142473767194971
2024-01-30,36.62003707885742,-0.00796718343422731,-0.007999091028938938
2024-01-31,36.42081069946289,-0.005440365310540707,-0.0054552179917313065
2024-02-01,36.77183151245117,0.009637918713145455,0.00959177025438063
2024-02-02,36.6674690246582,-0.0028381095936880207,-0.002842144663175597
2024-02-05,36.714908599853516,0.0012937782851445423,0.0012929420751881346
2024-02-06,37.54977035522461,0.02273903945860356,0.022484361034286103
2024-02-07,37.59720230102539,0.0012631753896781284,0.0012623782548556962
2024-02-08,37.388484954833984,-0.005551406312637064,-0.005566872635113385
2024-02-09,37.54977035522461,0.004313772023270213,0.004304494380257744
2024-02-12,37.843868255615234,0.007832215686232713,0.007801703102160581
2024-02-13,37.13233947753906,-0.018801692608963028,-0.018980691639000263
2024-02-14,37.663612365722656,0.014307552275421687,0.014206165172568008
2024-02-15,37.843868255615234,0.004785942679694344,0.004774526466432224
2024-02-16,38.02412033081055,0.004763045732476545,0.004751738321081379
2024-02-20,38.0810432434082,0.00149702115663497,0.001495901737520068
2024-02-21,38.14745330810547,0.0017439140065775849,0.0017423951541220804
2024-02-22,38.53642272949219,0.010196471524458683,0.010144838197228388
2024-02-23,38.5174446105957,-0.0004924722522819946,-0.0004925935565692605
2024-02-26,38.3466796875,-0.0044334437245799885,-0.00444330058020821
2024-02-27,38.422576904296875,0.001979238291695218,0.001977282180236099
2024-02-28,37.919761657714844,-0.013086452994406028,-0.013172835071359546
2024-02-29,37.93873977661133,0.0005004809647219943,0.0005003557658953144
2024-03-01,38.403602600097656,0.012252985371246083,0.012178525168803541
2024-03-04,38.31821823120117,-0.0022233426844248116,-0.0022258179804057307
2024-03-05,37.976680755615234,-0.008913187808608392,-0.008953147892094804
2024-03-06,38.52693176269531,0.01448918115358766,0.014385216011578607
2024-03-07,38.76411819458008,0.006156379992720451,0.006137506905733717
2024-03-08,38.72616195678711,-0.0009791590667029837,-0.0009796387560956459
2024-03-11,38.811546325683594,0.0022048239376719625,0.002202396880208788
2024-03-12,39.238460540771484,0.010999670343085022,0.010939613968137802
2024-03-13,39.11513137817383,-0.003143068328827714,-0.0031480181425438563
2024-03-14,38.9159049987793,-0.005093332742982959,-0.005106347974945397
2024-03-15,38.67873001098633,-0.006094551515643976,-0.006113199099109882
2024-03-18,38.745140075683594,0.001716966008925347,0.0017154937078071868
2024-03-19,38.555397033691406,-0.004897208827263189,-0.004909239448125122
2024-03-20,38.991798400878906,0.011318813986175513,0.011255235516586127
2024-03-21,39.03923416137695,0.0012165573901044002,0.0012158179837887465
2024-03-22,38.76411819458008,-0.007047166080656808,-0.007072114635708657
2024-03-25,38.792572021484375,0.0007340248722147447,0.0007337556077147331
2024-03-26,38.76411819458008,-0.0007334864748987924,-0.0007337556077147897
2024-03-27,38.83052062988281,0.0017129871230250338,0.0017115216339205024
2024-03-28,38.97283172607422,0.0036649288725190132,0.0036582293844740314
2024-04-01,39.03923416137695,0.0017038134608604594,0.001702363617314108
2024-04-02,39.16257095336914,0.0031593035734858166,0.0031543234603204255
2024-04-03,39.19103240966797,0.0007267514773918737,0.0007264875214161162
2024-04-04,39.04872512817383,-0.003631118466249861,-0.0036377269792871206
2024-04-05,39.13410568237305,0.00218651323235175,0.002184126291046719
2024-04-08,39.3902587890625,0.006545520901090285,0.006524192001073362
2024-04-09,39.65589141845703,0.006743612191456139,0.006720975749367687
2024-04-10,39.11513137817383,-0.013636310291880505,-0.013730138729938984
2024-04-11,39.35231018066406,0.006063607461704201,0.006045297771881166
2024-04-12,38.45104217529297,-0.022902543744787174,-0.023168881397000053
2024-04-15,38.204376220703125,-0.006415065512797469,-0.006435730471012953
2024-04-16,37.70156478881836,-0.01316109518396713,-0.013248469875032922
2024-04-17,37.673099517822266,-0.0007550156380918827,-0.0007553008059452582
2024-04-18,37.824893951416016,0.004029252584379028,0.004021156885309433
2024-04-19,37.673099517822266,-0.0040130828598943236,-0.004021156885309285
2024-04-22,38.0810432434082,0.010828515062663024,0.010770306524442733
2024-04-23,38.39411544799805,0.008221208715022188,0.008187598663169591
2024-04-24,38.52693176269531,0.0034592883088335746,0.003453318734057221
2024-04-25,38.6123161315918,0.0022162255074555937,0.0022137733021306296
2024-04-26,39.05820846557617,0.011547930263099637,0.011481761834797854
2024-04-29,39.43769073486328,0.009715813504901583,0.00966891849299973
2024-04-30,38.88744354248047,-0.013952317748067045,-0.014050566266894745
2024-05-01,38.92538833618164,0.0009757595317296808,0.0009752837878470676
2024-05-02,39.93101501464844,0.02583472436502454,0.02550664640909108
2024-05-03,40.29153060913086,0.00902846056756057,0.008987947680866026
2024-05-06,40.329471588134766,0.0009416613970805177,0.000941218312122659
2024-05-07,40.10179138183594,-0.005645504325571538,-0.0056615004175298795
2024-05-08,40.11127471923828,0.00023648164023515328,0.0002364536828595863
2024-05-09,40.23460388183594,0.003074675722995801,0.003069958574256751
2024-05-10,40.31998825073242,0.0021221625332077387,0.002119913927008986
2024-05-13,40.62358093261719,0.007529582598011952,0.007501376787795495
2024-05-14,40.841773986816406,0.005371093566594709,0.005356720685965578
2024-05-15,41.27817916870117,0.010685265092197804,0.010628581078777925
2024-05-16,41.363563537597656,0.0020685110297022913,0.002066374606398452
2024-05-17,41.5438232421875,0.004357934596858293,0.004348466298067555
2024-05-20,41.392024993896484,-0.0036539306314221642,-0.0036606225421100627
2024-05-21,41.1358757019043,-0.006188373050846296,-0.006207600396388605
2024-05-22,41.00305938720703,-0.0032287221903268826,-0.003233945760486397
2024-05-23,40.6994743347168,-0.00740396099772378,-0.0074315063643870275
2024-05-24,40.81332015991211,0.002797230850183352,0.0027933258803418755
2024-05-28,40.75639343261719,-0.0013948075547853822,-0.0013957812043172868
2024-05-29,40.14921951293945,-0.014897636138525794,-0.015009720507633805
2024-05-30,40.035377502441406,-0.0028354725665677982,-0.00283950013407882
2024-05-31,39.64640808105469,-0.009715642655373946,-0.009763147455001172
2024-06-03,40.063838958740234,0.010528844803093795,0.010473802533891966
2024-06-04,39.50410079956055,-0.0139711563776036,-0.014069671640636544
2024-06-05,40.139732360839844,0.01609026780547218,0.015962191474923008
2024-06-06,40.338958740234375,0.004963321070593274,0.004951044397856669
2024-06-07,39.88358688354492,-0.011288636863976853,-0.011352837138091609
2024-06-10,40.120758056640625,0.005946585842146357,0.005928974683579471
2024-06-11,39.987022399902344,-0.0033333282623793092,-0.003338896177600909
2024-06-12,40.38822937011719,0.010033429501262958,0.009983428821526225
2024-06-13,40.29270935058594,-0.0023650459804985813,-0.002367847119162888
2024-06-14,40.34046936035156,0.0011853263415488868,0.0011846243969151225
2024-06-17,40.598388671875,0.006393562484846349,0.006373210366520376
2024-06-18,40.97093963623047,0.009176496322711447,0.009134648098889444
2024-06-20,40.90407180786133,-0.0016320794436944785,-0.0016334127362401234
2024-06-21,40.760780334472656,-0.00350311025420047,-0.003509260512483136
2024-06-24,40.760780334472656,0.0,0.0
2024-06-25,40.66525650024414,-0.0023435231966775216,-0.0023462735450078395
2024-06-26,40.57928466796875,-0.0021141347596043136,-0.0021163726972527066
2024-06-27,40.60793685913086,0.0007060792568560625,0.0007058301001735931
2024-06-28,40.68436050415039,0.0018819878804638979,0.0018802191600653434
2024-07-01,40.77988815307617,0.002348018937548213,0.0023452666485252287
2024-07-02,40.90407180786133,0.003045218131030758,0.0030405908459794862
2024-07-03,41.505882263183594,0.01471272733309159,0.014605545175939568
2024-07-05,41.677825927734375,0.0041426336503465055,0.004134076567997093
2024-07-08,41.687381744384766,0.0002292781938040278,0.00022925191357586289
2024-07-09,41.85932540893555,0.004124597356703452,0.004116114522543119
2024-07-10,42.098140716552734,0.00570518768002426,0.00568897473283437
2024-07-11,42.34650802612305,0.005899721587292239,0.005882386378409705
2024-07-12,42.51845169067383,0.004060397717911224,0.004052176549725317
2024-07-15,42.069480895996094,-0.010559434241492194,-0.010615580666672014
2024-07-16,42.30830001831055,0.005676778444327901,0.005660726258723818
2024-07-17,41.620513916015625,-0.016256528907974466,-0.01639011602779466
2024-07-18,41.22885513305664,-0.009410234187624322,-0.009454790183229816
2024-07-19,40.8276481628418,-0.009731217830813876,-0.009778875561588683
2024-07-22,41.17154312133789,0.00842309008651343,0.008387813814929972
2024-07-23,40.80854415893555,-0.008816744160706769,-0.008855841627390384
2024-07-24,40.21628189086914,-0.014513192770605698,-0.01461953935933832
2024-07-25,40.053890228271484,-0.004037958134427311,-0.004046132700499547
2024-07-26,40.46465301513672,0.010255253223201422,0.010203024886907067
2024-07-29,40.33091735839844,-0.0033049994692467832,-0.0033104730434265713
2024-07-30,40.149417877197266,-0.004500256703518168,-0.004510413341825062
2024-07-31,41.028255462646484,0.021889173789200855,0.021653045382041533
2024-08-01,40.31181335449219,-0.01746216357667385,-0.017616425625694983
2024-08-02,39.7386589050293,-0.014218026969481934,-0.01432007151782891
2024-08-05,38.611454010009766,-0.02836544881178349,-0.028775521362259256
2024-08-06,38.8311653137207,0.005690314165687216,0.005674185483953514
2024-08-07,39.06998062133789,0.006150093763289677,0.006131259120406007
2024-08-08,39.958370208740234,0.02273841894145079,0.02248375431319981
2024-08-09,40.178077697753906,0.005498409666508719,0.0054833485948173775
2024-08-12,40.31181335449219,0.003328572803913854,0.003323045367711357
2024-08-13,40.760780334472656,0.01113735509817837,0.011075791441349417
2024-08-14,40.54106903076172,-0.0053902624510140384,-0.005404842332185651
2024-08-15,40.99004364013672,0.011074562662230836,0.011013688715699122
2024-08-16,41.46766662597656,0.011652170708404963,0.011584806951637765
2024-08-19,41.86887741088867,0.009675267926958275,0.009628762251525189
2024-08-20,41.54409408569336,-0.007757153888029666,-0.007787397108651095
2024-08-21,41.706485748291016,0.003908898874114053,0.003901278979387196
2024-08-22,41.19064712524414,-0.012368307082022856,-0.012445431181564444
2024-08-23,41.8784294128418,0.01669753537754315,0.01655966415671002
2024-08-26,41.52499008178711,-0.008439651056882935,-0.00847546656784065
2024-08-27,41.582305908203125,0.0013802730910501548,0.0013793213897849918
2024-08-28,41.32438278198242,-0.006202713403871685,-0.006222030149573861
2024-08-29,41.343482971191406,0.0004622014395170293,0.0004620946573336691
2024-08-30,41.42945861816406,0.002079545330821997,0.002077386069433628
2024-09-03,40.60793685913086,-0.019829410917598156,-0.02002865197378289
2024-09-04,40.598388671875,-0.00023513106043737686,-0.00023515870807913253
2024-09-05,40.655704498291016,0.0014117758928624546,0.0014107802742267194
2024-09-06,39.91060256958008,-0.018327118860829383,-0.018497141052335308
2024-09-09,40.24494934082031,0.008377392214445667,0.008342496618234892
2024-09-10,40.09210205078125,-0.003797924771743455,-0.00380515520091926
2024-09-11,40.38822937011719,0.007386175934623207,0.007359031716520332
2024-09-12,40.72256851196289,0.008278133185335435,0.008244057367762792
2024-09-13,40.91362762451172,0.004691725486144271,0.004680753646647558
2024-09-16,41.047359466552734,0.0032686380994702002,0.0032633077141994257
2024-09-17,41.095123291015625,0.0011636272121671176,0.0011629507227594689
2024-09-18,40.95183181762695,-0.003486824272893707,-0.0034929174125768532
2024-09-19,41.82111358642578,0.021226932476916982,0.021004779399070722
2024-09-20,41.73514175415039,-0.002055704042832951,-0.0020578199026070982
2024-09-23,42.05992889404297,0.007782102234270782,0.007751977863034518
2024-09-24,43.49281311035156,0.03406768042614394,0.03350022890174114
2024-09-25,43.0342903137207,-0.010542495732972723,-0.010598461534791041
2024-09-26,44.61046600341797,0.03662604119196389,0.03597124819433482
2024-09-27,44.52449035644531,-0.0019272528326887972,-0.001929112374017658
2024-09-30,43.808048248291016,-0.016090967070453766,-0.016221832413108594
2024-10-01,44.12328338623047,0.007195827035087143,0.007170060605071985
2024-10-02,44.9925651550293,0.019701203131000655,0.01950964627456927
2024-10-03,44.45762634277344,-0.011889493528822848,-0.011960738833826076
2024-10-04,44.868385314941406,0.009239336553890087,0.009196914981833367
2024-10-07,45.24093246459961,0.008303110242171785,0.008268829051937713
2024-10-08,44.12328338623047,-0.024704377595304527,-0.02501465147451415
2024-10-09,43.884464263916016,-0.005412541950334138,-0.005427242825581004
2024-10-10,43.97043991088867,0.0019591363006190576,0.001957219695948453
2024-10-11,44.28567886352539,0.007169338157079874,0.0071437606288149305
2024-10-14,44.10417556762695,-0.004098464798468426,-0.004106886523960508
2024-10-15,43.168025970458984,-0.021225872269906243,-0.02145438040488373
2024-10-16,43.50236892700195,0.007745152784419007,0.007715313065013147
2024-10-17,43.43550109863281,-0.0015371077488066653,-0.0015382903108946372
2024-10-18,43.86536407470703,0.009896581487527811,0.009847931043682395
2024-10-21,43.5596809387207,-0.006968667476821122,-0.006993062037804837
2024-10-22,43.46416091918945,-0.0021928539758044874,-0.002195261800733726
2024-10-23,43.20623779296875,-0.005934156343205266,-0.0059518334159928
2024-10-24,43.139373779296875,-0.0015475546376489957,-0.001548753337188892
2024-10-25,43.101158142089844,-0.0008858644402801596,-0.0008862570500665934
2024-10-28,43.292205810546875,0.0044325414140198305,0.0044227466355012506
2024-10-29,43.15847396850586,-0.0030890512399910364,-0.0030938322070795813
2024-10-30,42.738162994384766,-0.009738782108649313,-0.009786514201584282
2024-10-31,42.46113967895508,-0.006481872313184978,-0.006502970869042021
2024-11-01,42.49934768676758,0.0008998347218511782,0.0008994301132902163
2024-11-04,42.738162994384766,0.005619269956266715,0.005603540755751652
2024-11-05,43.320865631103516,0.013634246207430811,0.013542136162233575
2024-11-06,42.78592300415039,-0.012348382682571435,-0.012425257468407598
2024-11-07,43.73162841796875,0.022103190662186245,0.02186245602122945
2024-11-08,42.652191162109375,-0.02468321658508943,-0.024992954688260974
2024-11-11,42.32740783691406,-0.007614692618273633,-0.007643832411405482
2024-11-12,41.52499008178711,-0.01895740363356624,-0.019139398986942998
2024-11-13,41.25751495361328,-0.006441305046599899,-0.006462139768675389
2024-11-14,41.028255462646484,-0.005556793501124813,-0.005572289911696513
2024-11-15,41.028255462646484,0.0,0.0
2024-11-18,41.4963264465332,0.011408503203673037,0.011343916988175592
2024-11-19,41.46766662597656,-0.0006906592224149577,-0.000690897837369783
2024-11-20,41.41990661621094,-0.0011517409502782572,-0.0011524047135910696
2024-11-21,41.33393478393555,-0.0020756162748504225,-0.002077773351669991
2024-11-22,41.343482971191406,0.00023100116903385093,0.00023097449237195107
2024-11-25,41.37214660644531,0.0006933048014816645,0.0006930645767340205
2024-11-26,41.200199127197266,-0.004156116937409804,-0.004164777596211824
2024-11-27,41.25751495361328,0.0013911541116358173,0.001390187353257386
2024-11-29,41.32438278198242,0.0016207429954111507,0.001619431008886579
2024-12-02,41.48677444458008,0.00392968150194517,0.0039219804720619375
2024-12-03,41.572750091552734,0.0020723627740089068,0.0020702183923887152
2024-12-04,41.677825927734375,0.002527517086318376,0.0025243282870404597
2024-12-05,41.95484924316406,0.006646779414790416,0.006624786975303725
2024-12-06,41.88798522949219,-0.0015937135963555171,-0.00159498490878727
2024-12-09,42.747711181640625,0.020524404490649184,0.02031661723037518
2024-12-10,42.05992889404297,-0.016089335980473463,-0.016220174649459993
2024-12-11,42.231876373291016,0.00408815430195375,0.004079820504667171
2024-12-12,42.02172088623047,-0.004976228979336916,-0.004988651635888863
2024-12-13,42.05992889404297,0.000909244243374685,0.0009088311312218965
2024-12-16,41.83066940307617,-0.005450781705892638,-0.0054656914209118175
2024-12-17,41.73061752319336,-0.0023918307144148443,-0.0023946957108006866
2024-12-18,40.75923156738281,-0.023277536098541107,-0.023552736996474446
2024-12-19,40.895225524902344,0.003336519170993313,0.0033309653411152697
2024-12-20,41.06036376953125,0.004038081279887917,0.00402995011187117
2024-12-23,41.29349136352539,0.005677679703537608,0.005661622430162975
2024-12-24,41.41977310180664,0.0030581511543679163,0.0030534845218840776
2024-12-26,41.274070739746094,-0.0035177006330388005,-0.0035239022898968645
2024-12-27,41.08950424194336,-0.004471729938307245,-0.004481758029070561
2024-12-30,40.75923156738281,-0.008037884142282015,-0.008070362086066356
2024-12-31,40.62323760986328,-0.003336519170993424,-0.0033420977632589682
2025-01-02,40.5649528503418,-0.0014347640156414654,-0.0014357942751024708
2025-01-03,40.94379806518555,0.009339224828916803,0.009295883906817709
2025-01-06,41.08950424194336,0.0035586873627559967,0.0035523702176100077
2025-01-07,40.79808807373047,-0.007092228869371886,-0.007117498273017559
2025-01-08,40.60381317138672,-0.004761862908689629,-0.00477323669918881
2025-01-10,39.91413116455078,-0.016985646247676844,-0.017131556955491834
2025-01-13,39.642147064208984,-0.006814230760041062,-0.006837553642519956
2025-01-14,40.0889778137207,0.011271608189838522,0.01120855696434145
2025-01-15,40.613525390625,0.01308458348181607,0.012999719788497482
2025-01-16,40.5649528503418,-0.001195969564720789,-0.0011966853070482632
2025-01-17,40.8855094909668,0.007902305268482568,0.007871245575685224
2025-01-21,41.322635650634766,0.010691469058604852,0.010634719436167967
2025-01-22,41.351776123046875,0.0007051939440281263,0.0007049454116142843
2025-01-23,41.44891357421875,0.002349051486514986,0.002346296778196196
2025-01-24,41.72090530395508,0.006562095511847277,0.006540658692294669
2025-01-27,40.96322250366211,-0.01816074686713809,-0.018327677374280545
2025-01-28,41.26435089111328,0.007351188921336682,0.007324300625609589
2025-01-29,41.274070739746094,0.00023555074593217817,0.00023552300821089872
2025-01-30,41.97346115112305,0.016945031077427952,0.01680306553430621
2025-01-31,41.49748229980469,-0.011339995279508241,-0.011404783288802397
2025-02-03,41.19635772705078,-0.007256454032039561,-0.007282910157398233
2025-02-04,41.93460464477539,0.01792019873737183,0.0177615248173176
2025-02-05,41.827754974365234,-0.0025480071009437166,-0.0025512587957723914
2025-02-06,42.002601623535156,0.004180158587929972,0.0041714459965898065
2025-02-07,41.963748931884766,-0.0009250067888323388,-0.0009254348716187132
2025-02-10,42.468868255615234,0.012037039983018971,0.011965170969215988
2025-02-11,42.303733825683594,-0.003888364270451361,-0.003895943612676511
2025-02-12,42.536865234375,0.005510894372871222,0.005495764953446437
2025-02-13,42.8088493347168,0.006394079555303023,0.006373724151925129
2025-02-14,43.139122009277344,0.007715056108567264,0.007685447254990025
2025-02-18,43.411109924316406,0.006304901499399218,0.006285108758563693
2025-02-19,43.343109130859375,-0.0015664375680691789,-0.001567665714106795
2025-02-20,43.74137878417969,0.009188765211048278,0.009146805351663066
2025-02-21,43.6151008605957,-0.002886921425294786,-0.0028910966205292544
2025-02-24,42.944847106933594,-0.015367469991744431,-0.01548677339794026
2025-02-25,42.97399139404297,0.0006786445655937445,0.0006784143905027021
2025-02-26,43.40139389038086,0.009945608552365925,0.00989647648459803
2025-02-27,42.55629348754883,-0.01947173413292913,-0.019663805747924454
2025-02-28,41.97346115112305,-0.013695561541239631,-0.013790210922043597
2025-03-03,41.604339599609375,-0.0087941652032143,-0.008833062085674685
2025-03-04,41.95403289794922,0.008405212093382852,0.008370084994770396
2025-03-05,43.20711898803711,0.029868072352804642,0.029430708943583767
2025-03-06,42.93513488769531,-0.006294890904832151,-0.006314787271503765
2025-03-07,43.14883804321289,0.004977349112249341,0.004965003060283276
2025-03-10,42.11916732788086,-0.023863231596198076,-0.024152570825282185
2025-03-11,42.468868255615234,0.008302655297339978,0.008268377853354845
2025-03-12,42.701995849609375,0.005489376184714345,0.005474364470838116
2025-03-13,42.52714920043945,-0.004094577915882636,-0.004102983653181211
2025-03-14,43.30426025390625,0.018273292898240312,0.018108342706539035
2025-03-17,44.04250717163086,0.01704790506513776,0.01690422024922142
2025-03-18,43.819087982177734,-0.005072808152870922,-0.0050857185238795625
2025-03-19,43.925941467285156,0.002438514584121032,0.002435546232033121
2025-03-20,43.51796340942383,-0.009287861437533018,-0.009331262567396303
2025-03-21,43.30426025390625,-0.004910688340514113,-0.004922785389978623
2025-03-24,43.498531341552734,0.004486188806999802,0.004476155857273823
2025-03-25,43.37225341796875,-0.0029030387852050366,-0.00290726077534647
2025-03-26,43.109981536865234,-0.0060469968801496465,-0.006065354006854924
2025-03-27,43.32368469238281,0.004957161842781943,0.004944915570508811
2025-03-28,42.51743698120117,-0.018609860100920583,-0.018785202351454276
2025-03-31,42.44944381713867,-0.0015991830385393424,-0.001600463096614849
2025-04-01,42.58543395996094,0.003203578906900928,0.0031984583810856686
2025-04-02,42.643714904785156,0.0013685652441399743,0.001367629612277787
2025-04-03,41.740333557128906,-0.021184396098541614,-0.021412005671607753
2025-04-04,39.418724060058594,-0.055620290956534535,-0.0572269595548949
2025-04-07,37.951934814453125,-0.037210469911980404,-0.03792044757354011
2025-04-08,37.41767501831055,-0.014077274287979558,-0.01417729893953031
2025-04-09,40.011268615722656,0.06931466469102965,0.06701794297711901
2025-04-10,39.32158660888672,-0.017237194187962435,-0.01738748417535468
2025-04-11,40.55524444580078,0.03137355186566282,0.03089145936009769
2025-04-14,40.924373626708984,0.00910188524203126,0.009060712727638694
2025-04-15,40.8855094909668,-0.0009496574363406785,-0.0009501086466499791
2025-04-16,40.4095344543457,-0.011641655993702482,-0.01170995063004592
2025-04-17,40.720375061035156,0.0076922590395254176,0.007662824464180968
2025-04-21,40.710662841796875,-0.0002385100634196835,-0.00023853851146838026
2025-04-22,41.322635650634766,0.015032248706341012,0.014920384113501302
2025-04-23,41.798614501953125,0.011518598555584791,0.011452764560512438
2025-04-24,42.284305572509766,0.011619788750030224,0.011552797455112966
2025-04-25,42.20659255981445,-0.0018378689597267073,-0.0018395599130346268
2025-04-28,42.284305572509766,0.0018412529413545098,0.0018395599130345082
2025-04-29,42.400875091552734,0.00275680343958995,0.00275301042644966
2025-04-30,42.50772476196289,0.002519987386568001,0.002516817542548259
2025-05-01,42.498008728027344,-0.00022857101832562954,-0.00022859714466206348
2025-05-02,43.71223831176758,0.028571446523786292,0.028170894420377287
2025-05-05,44.04250717163086,0.007555523867428526,0.007527123858561662
2025-05-06,43.86766052246094,-0.0039699522211248395,-0.003977853399911531
2025-05-07,43.36254119873047,-0.011514617322066711,-0.01158142385770086
2025-05-08,43.33340072631836,-0.0006720194805595048,-0.0006722453868652593
2025-05-09,43.62481689453125,0.00672497803838179,0.006702466244759271
2025-05-12,44.567054748535156,0.021598666105164144,0.021368720043449058
2025-05-13,44.6447639465332,0.0017436467012799106,0.0017421283141347335
2025-05-14,44.9847526550293,0.0076154217973527505,0.007586570854927625
2025-05-15,44.96532440185547,-0.0004318852950646601,-0.00043197858437986255
2025-05-16,44.93618392944336,-0.0006480654326360691,-0.0006482755178094207
2025-05-19,45.033321380615234,0.002161675573617794,0.00215934251458119
2025-05-20,44.9847526550293,-0.001078506405855384,-0.001079088412391936
2025-05-21,44.86818313598633,-0.0025913117703879607,-0.0025946750301597925
2025-05-22,44.722476959228516,-0.0032474276107015143,-0.0032527119471796877
2025-05-23,44.90704345703125,0.004126929238981836,0.004118436823557213
2025-05-27,44.80018615722656,-0.0023795220432832886,-0.0023823576049412662
2025-05-28,44.596195220947266,-0.004553350192862848,-0.004563748267909637
2025-05-29,44.76133346557617,0.003702967121090639,0.003696128016460821
2025-05-30,44.21735763549805,-0.012152806629330493,-0.012227255776053476
2025-06-02,44.53791046142578,0.007249479459405572,0.007223328295346962
2025-06-03,44.6447639465332,0.0023991580206701446,0.002396284635951071
2025-06-04,45.198455810546875,0.012402168027515481,0.0123258911597862
2025-06-05,45.431583404541016,0.005157866343295403,0.005144610113722637
2025-06-06,45.577293395996094,0.003207239997726097,0.00320210777411194
2025-06-09,45.96584701538086,0.00852515782384966,0.00848902388566838
2025-06-10,46.22812271118164,0.005705881928228518,0.005689665042453073
2025-06-11,46.42239761352539,0.00420252631839535,0.004193720367539531
2025-06-12,46.50010681152344,0.0016739591661116826,0.0016725596580619898
2025-06-13,45.76185989379883,-0.015876241332453467,-0.016003618834789003
2025-06-16,46.32286834716797,0.012259301843742687,0.012184765163034758
2025-06-17,45.714778900146484,-0.013127197617905262,-0.013214120819959096
2025-06-18,45.7049674987793,-0.00021462208946954053,-0.00021464512408606864
2025-06-20,45.44015884399414,-0.00579387032256895,-0.0058107199036056024
2025-06-23,45.8128547668457,0.008201906250616453,0.008168453411101149
2025-06-24,46.99961471557617,0.025904518606627347,0.02557468063114811
2025-06-25,47.038848876953125,0.000834776234111434,0.0008344280022145809
2025-06-26,47.35270309448242,0.006672234228144003,0.0066500733935836425
2025-06-27,47.166351318359375,-0.003935398909566401,-0.003943162968328357
2025-06-30,47.313472747802734,0.0031192031041438195,0.003114348482555506
2025-07-01,47.4017448425293,0.0018656862326948964,0.0018639480017953022
2025-07-02,47.60771179199219,0.00434513434362227,0.004335721504241011
2025-07-03,47.823482513427734,0.004532264066340552,0.004522024285493515
2025-07-07,47.14673614501953,-0.014150921949654949,-0.014252000952784696
2025-07-08,47.440975189208984,0.006240920756092061,0.006221526858841273
2025-07-09,47.36251449584961,-0.0016538592018070508,-0.0016552283367158986
2025-07-10,47.490013122558594,0.00269197334782878,0.002688356477135027
2025-07-11,47.33308792114258,-0.0033043831976006244,-0.0033098547284402357
2025-07-14,47.4017448425293,0.0014505058596874232,0.001449454892229817
2025-07-15,47.745018005371094,0.007241783271526581,0.0072156874700712095
2025-07-16,47.970603942871094,0.0047248057896767115,0.004713678929206495
2025-07-17,48.24522399902344,0.005724757113322765,0.00570843296288586
2025-07-18,48.1373405456543,-0.0022361478386196953,-0.002238651750639156
2025-07-21,48.45119094848633,0.006519894935499648,0.006498732355906917
2025-07-22,48.480613708496094,0.0006072659811613423,0.0006070816697889806
2025-07-23,48.971012115478516,0.010115350641621168,0.010064532887928027
2025-07-24,48.706199645996094,-0.005407535152795462,-0.005422208793735966
2025-07-25,48.55907440185547,-0.003020667701646884,-0.003025239126486735
2025-07-28,48.235416412353516,-0.006665242150694417,-0.006687554075342765
2025-07-29,48.255035400390625,0.0004067340866178437,0.00040665139273142367
2025-07-30,47.901947021484375,-0.007317130243021053,-0.007344031748729763
2025-07-31,47.62732696533203,-0.00573296229544018,-0.005749458803232787
2025-08-01,47.27424240112305,-0.007413486893060206,-0.007441103361223796
2025-08-04,47.7646369934082,0.01037339928420522,0.010319964791715234
2025-08-05,47.901947021484375,0.002874721482654996,0.0028705973727412883
2025-08-06,48.12752914428711,0.004709247469660394,0.004698193653647049
2025-08-07,48.5296516418457,0.008355353052782455,0.008320640314551807
2025-08-08,48.490421295166016,-0.0008083789055237656,-0.0008087058199435675
2025-08-11,48.353111267089844,-0.002831693856408246,-0.0028357106862033827
2025-08-12,48.94158935546875,0.012170428602376937,0.012096964396145942
2025-08-13,49.53006362915039,0.012024012326356637,0.011952298178992935
2025-08-14,48.921974182128906,-0.012277178797396093,-0.012353165935969296
2025-08-15,48.98081970214844,0.001202844345578935,0.0012021215079018337
2025-08-18,49.26525115966797,0.005806996682561794,0.005790201067346214
2025-08-19,48.86312484741211,-0.008162473605433873,-0.008195968987753478
2025-08-20,48.794471740722656,-0.0014050085192840456,-0.0014059964692475153
2025-08-21,48.68658447265625,-0.0022110551506671072,-0.002213503142201936
2025-08-22,49.657569885253906,0.019943592739453564,0.019747324531180156
2025-08-25,49.373138427734375,-0.005727856964744316,-0.0057443240482877266
2025-08-26,49.245635986328125,-0.0025824252916972767,-0.0025857655036954125
2025-08-27,48.95139694213867,-0.00597492627105356,-0.005992847564287004
2025-08-28,49.13774490356445,0.0038067955781946328,0.003799568068535054
2025-08-29,48.90235900878906,-0.004790327582947618,-0.004801837975870322
2025-09-02,48.86312484741211,-0.0008022958845380623,-0.0008026178961251365
2025-09-03,49.04947280883789,0.0038136726213826577,0.0038064190080397894
2025-09-04,48.892547607421875,-0.003199324935205805,-0.003204453717241285
2025-09-05,49.48102569580078,0.012036151053204103,0.01196429261183365
2025-09-08,49.93218994140625,0.009117924280291456,0.009076606970857257
2025-09-09,50.206809997558594,0.00549986003967784,0.005484791035808968
2025-09-10,50.55009078979492,0.0068373352589623515,0.006814066685386492
2025-09-11,51.28568649291992,0.014551817645271248,0.014446956007705411
2025-09-12,51.25625991821289,-0.0005737775336417394,-0.0005739422069643769
2025-09-15,51.62895965576172,0.007271301849637979,0.007244993388540074
2025-09-16,52.011470794677734,0.007408848473152041,0.007381537766272421
2025-09-17,52.23705291748047,0.004337161002295975,0.004327782626754202
2025-09-18,52.109554290771484,-0.00244076990542319,-0.0024437534400251763
2025-09-19,51.99185562133789,-0.0022586773392233583,-0.0022612319983768025
2025-09-22,52.24686050415039,0.004904708242570388,0.004892719346475528
2025-09-23,52.276283264160156,0.0005631488614981084,0.0005629903526845851
2025-09-24,52.0997428894043,-0.0033770643919686094,-0.003382779544508701
2025-09-25,51.79569625854492,-0.005835856647215976,-0.00585295180097679
2025-09-26,51.69761657714844,-0.0018935874692543875,-0.0018953825724875252
2025-09-29,52.16839599609375,0.009106404707125426,0.009065191418085742
2025-09-30,52.374366760253906,0.003948190474853286,0.003940416825355096
2025-10-01,52.78629684448242,0.007865108634423024,0.007834339895191316
2025-10-02,53.031494140625,0.004645093723186777,0.004634338568279347
2025-10-03,53.18842315673828,0.002959166409627345,0.00295479669506002
2025-10-06,53.43362045288086,0.004609974907885839,0.004599381517924918
2025-10-07,53.021690368652344,-0.007709192840334778,-0.007739062279332218
2025-10-08,53.44343185424805,0.007954131274642506,0.007922663925952499
2025-10-09,52.89418411254883,-0.01027717948946727,-0.010330354337308114
2025-10-10,50.942405700683594,-0.036899678946029635,-0.03759769706061295
2025-10-13,52.423404693603516,0.02907202697928435,0.02865745146664863
2025-10-14,51.9526252746582,-0.008980328952246652,-0.009020895154143227
2025-10-15,52.80591583251953,0.016424397291767923,0.016290975807989244
2025-10-16,53.14918899536133,0.0065006573113992605,0.006479619163963098
2025-10-17,53.139381408691406,-0.00018452937580626383,-0.00018454640344629696
2025-10-20,53.865169525146484,0.013658196561850966,0.013565764084792743
2025-10-21,53.26689147949219,-0.011106955587970369,-0.01116909839254252
2025-10-22,53.21784591674805,-0.0009207513594635675,-0.0009211755113754978
2025-10-23,53.688629150390625,0.008846341401699265,0.008807441768231544
2025-10-24,54.04171371459961,0.006576524113140136,0.006554993126250136
2025-10-27,54.63999938964844,0.011070812413692899,0.011009979537729857
2025-10-28,54.62038040161133,-0.0003590590822888373,-0.00035912355943565637
2025-10-29,54.934234619140625,0.005746100909982621,0.005729655041819315
2025-10-30,54.36537551879883,-0.010355274889796817,-0.01040926378547286
2025-10-31,54.23787307739258,-0.002345287606119073,-0.0023480421006608168
2025-11-03,54.581153869628906,0.006329171347602358,0.006309226255660405
2025-11-04,53.58074188232422,-0.0183288904022485,-0.018498945668772852
2025-11-05,54.06132888793945,0.008969398122010253,0.008929411993810804
2025-11-06,53.659202575683594,-0.007438335692587228,-0.007466138066250888
2025-11-07,53.50227737426758,-0.0029244788197267946,-0.0029287634635159847
2025-11-10,54.4438362121582,0.017598481487135276,0.0174454213533298
2025-11-11,54.502685546875,0.0010809182234601256,0.0010803344519921625
2025-11-12,54.51249313354492,0.00017994685163702506,0.00017993066314433444
2025-11-13,53.87498092651367,-0.011694790870589444,-0.011763712816145288
2025-11-14,53.90440368652344,0.0005461303095382064,0.0005459812346544471
2025-11-17,53.26689147949219,-0.011826718476261266,-0.01189721045499301
2025-11-18,53.002071380615234,-0.004971570360528865,-0.004983969729749402
2025-11-19,52.81571960449219,-0.00351593383558213,-0.0035221292570075716
2025-11-20,52.089935302734375,-0.013741823593294011,-0.013837116456716338
2025-11-21,52.08012771606445,-0.0001882817978736684,-0.00018829952511655336
2025-11-24,52.629371643066406,0.010546132490234505,0.010490909951811003
2025-11-25,52.81571960449219,0.003540759762240775,0.0035345060300219153
2025-11-26,53.19823455810547,0.007242445174991952,0.00721634461442213
2025-11-28,53.276695251464844,0.0014748740068371013,0.001473787448395743
2025-12-01,53.237464904785156,-0.0007363509785004441,-0.000736622218042055
2025-12-02,53.257080078125,0.0003684467954085946,0.0003683789355560563
2025-12-03,53.29631423950195,0.0007366938127175704,0.0007364225870294053
2025-12-04,53.28650665283203,-0.0001840199798028852,-0.0001840369135568331
2025-12-05,53.688629150390625,0.007546422590215318,0.00751809078980872
2025-12-08,53.57093048095703,-0.0021922457566182496,-0.002194652245066291
2025-12-09,53.482662200927734,-0.0016476898802546547,-0.00164904881416498
2025-12-10,54.0809440612793,0.011186463719847994,0.011124357967859478
2025-12-11,53.8259391784668,-0.004715244662215068,-0.004726396497892562
2025-12-12,53.19823455810547,-0.01166174951968968,-0.011730281039926661
2025-12-15,53.04130554199219,-0.002949891428105089,-0.0029542509333127884
2025-12-16,52.70604705810547,-0.006320705730391563,-0.006340765965426448
2025-12-17,52.32801055908203,-0.007172545089687232,-0.007198391454853562
2025-12-18,52.92491149902344,0.011406910630922251,0.011342342378114887
2025-12-19,53.442222595214844,0.00977443478957829,0.009726974019380883
2025-12-22,53.73072052001953,0.005398314493576528,0.005383795821358396
2025-12-23,54.029170989990234,0.0055545592369175,0.0055391895610093205
2025-12-24,54.13859939575195,0.0020253578531121974,0.0020233095810852225
2025-12-26,54.51663589477539,0.006982753585108359,0.006958487060577237
2025-12-29,54.37736129760742,-0.0025547173790545497,-0.002557986238025386
2025-12-30,54.596221923828125,0.004024848227240696,0.004016770193599723
2025-12-31,54.427101135253906,-0.0030976646847500344,-0.003102472378983187
2026-01-02,55.94919204711914,0.027965680334191667,0.027581781586766947
2026-01-05,56.565982818603516,0.011024122939343295,0.010963800227805668
2026-01-06,56.98381042480469,0.007386552577740346,0.007359405598012581
2026-01-07,56.556034088134766,-0.007506980201585689,-0.00753529939422382
2026-01-08,56.575931549072266,0.00035181853286414544,0.0003517566592358795
2026-01-09,56.84453582763672,0.004747677523108562,0.004736442847222563
2026-01-12,57.64039611816406,0.014000647185167248,0.013903543418459582
2026-01-13,57.21261978149414,-0.007421467676817728,-0.0074491437846394065
2026-01-14,57.45138168334961,0.004173238400327461,0.004164554592305167
2026-01-15,57.78962326049805,0.005887440253616427,0.005870177001683465
2026-01-16,57.57075881958008,-0.0037872619437471222,-0.0037944517791966953
2026-01-20,57.01365661621094,-0.009676825784336707,-0.009723950521309184
2026-01-21,57.958744049072266,0.016576509716315968,0.016440619051440383
2026-01-22,58.39646911621094,0.007552355978729608,0.0075239797204928235
2026-01-23,58.764556884765625,0.006303253846087431,0.006283471427116524
2026-01-26,58.864036560058594,0.0016928516195238164,0.001691420361265199
2026-01-27,60.02798843383789,0.01977356535160002,0.01958060789836378
2026-01-28,60.43586730957031,0.006794811659930566,0.006771830968100022
2026-01-29,60.127471923828125,-0.005102853644219141,-0.005115917663344946
2026-01-30,58.79439926147461,-0.022170775183136038,-0.02242024094627252
2026-02-02,58.97346878051758,0.0030456900877002813,0.0030410613696906395
2026-02-03,59.291812896728516,0.005398090409023171,0.0053835729399639275
2026-02-04,58.49595260620117,-0.013422768703556631,-0.013513668396859762
2026-02-05,58.22734832763672,-0.004591843821618147,-0.004602418721068113
2026-02-06,59.75938415527344,0.026311275914818966,0.02597108856700354
2026-02-09,60.19710922241211,0.0073247921364336666,0.007298096129052612
2026-02-10,60.286643981933594,0.001487359786508602,0.0014862547625178028
2026-02-11,61.24168014526367,0.015841587792086775,0.015717419472415204
2026-02-12,60.5452995300293,-0.011371024008201225,-0.011436168411562099
2026-02-13,60.803955078125,0.004272099570131305,0.004263000059567508
2026-02-17,60.55524826049805,-0.004090306581330028,-0.0040986947666079845
2026-02-18,60.873592376708984,0.005257085477405221,0.00524331524332836
2026-02-19,60.724369049072266,-0.002451363913489213,-0.0024543734252858236
2026-02-20,62.01764678955078,0.021297508080049266,0.021073885649903274
2026-02-23,61.331214904785156,-0.011068331681383325,-0.011130041436338724
2026-02-24,62.296199798583984,0.015733992801168828,0.01561149676685962
2026-02-25,62.98263168334961,0.011018840426623155,0.010958575301514924
2026-02-26,62.38573455810547,-0.00947717028156414,-0.009522364428243744
2026-02-27,62.25640869140625,-0.002073003830367126,-0.002075155476902747
2026-03-02,61.18199157714844,-0.017257935959388626,-0.01740858997035433
2026-03-03,58.117916107177734,-0.050081329341935654,-0.051378907885897974
2026-03-04,58.744659423828125,0.010783994998970536,0.01072626241264771
2026-03-05,57.33200454711914,-0.024047375379556257,-0.024341234095071378
2026-03-06,57.02360534667969,-0.0053791804922151965,-0.0053937003770617034
2026-03-09,58.147762298583984,0.01971388769738236,0.01952208569059489
2026-03-10,58.37657165527344,0.003934964092247251,0.003927242370879355
2026-03-11,58.52579879760742,0.002556284792043062,0.002553023053513273
2026-03-12,56.655517578125,-0.03195652614584865,-0.03247828170767439
2026-03-13,56.50629425048828,-0.002633871051145986,-0.0026373457921906483
2026-03-16,58.078125,0.027816914387340796,0.027437052326491542
2026-03-17,58.44620895385742,0.006337738242366164,0.006317739233861655
2026-03-18,57.262367248535156,-0.020255235138636474,-0.020463185257969665
2026-03-19,57.322052001953125,0.0010423032837416635,0.0010417604628306155
2026-03-20,55.352291107177734,-0.034363056205808484,-0.034967349994718434
2026-03-23,57.01365661621094,0.030014394631223684,0.02957277751400991
2026-03-24,56.22774124145508,-0.013784686361133947,-0.01388057738844799
2026-03-25,57.123085021972656,0.015923523882504176,0.01579807455403956
2026-03-26,55.18317413330078,-0.03396019118935334,-0.03455023566981608
2026-03-27,54.91456985473633,-0.004867503234149084,-0.004879388110148819
2026-03-30,54.466896057128906,-0.008152186182858956,-0.008185596957102777
2026-03-31,56.49634552001953,0.037260237131228946,0.03658284967476564
